DescriptionOfIncident,ActionTaken,RiskToConsumers,LinkToNotice,IssuedDate
Fruit chutney - undeclared mustard in product. ,Recalled,Possible adverse effects to allergy sufferers.,http://www.food.gov.uk/news-updates/news/2016/14784/sainsburys-mango-chutney-recalled,06/01/2016
After Dinner Mints - undeclared milk in product. ,Withdrawn,Possible adverse effects to allergy sufferers.,http://www.food.gov.uk/news-updates/news/2016/14787/mints-withdrawn-by-poundland-dueto-milk,08/01/2016
Chicken breasts with spicy sauce - undeclared milk and wheat in product. ,Recalled,Possible adverse effects to allergy sufferers.,http://www.food.gov.uk/news-updates/news/2016/14816/sainsbury-s-just-cook-chicken-breasts-with-piri-piri-sauce-recalled-due-to-the-possible-presence-of-undeclared-milk-and-wheat,21/01/2016
Pickling spice - undeclared mustard seeds in product. ,Recalled,Possible adverse effects to allergy sufferers.,http://www.food.gov.uk/news-updates/news/2016/14838/bart-pickling-spice-recall-mustard,28/01/2016
Bread crumbs - ingredients not listed on the product packaging. ,Withdrawn,Possible adverse effects to allergy sufferers.,http://www.food.gov.uk/news-updates/news/2016/14861/heera-golden-bread-crumbs-withdrawn,04/02/2016
Bottles of Port and Madeira - presence of sulphur dioxide in product. ,Withdrawn,Possible adverse effects to allergy sufferers.,http://www.food.gov.uk/news-updates/news/2016/14862/premium-quality-style-port-and-madeira-withdrawn,05/02/2016
Barbecue flavour corn snack - undeclared milk and soya in product.  ,Withdrawn,Possible adverse effects to allergy sufferers.,http://www.food.gov.uk/news-updates/news/2016/14863/asco-foods-ltd-withdraws-clover-chips-barbecue-flavour-corn-snack-due-to-undeclared-milk,05/02/2016
Bottles of IPA beer - undeclared milk in product. ,Withdrawn,Possible adverse effects to allergy sufferers.,http://www.food.gov.uk/news-updates/news/2016/14865/wiper-and-true-withdraws-its-bottles-of-citrus-and-sevens-beer,05/02/2016
Chocolate Meringues - undeclared presence of soya in product. ,Recalled,Possible adverse effects to allergy sufferers.,http://www.food.gov.uk/news-updates/news/2016/14873/hema-recalls-chocolate-meringue,11/02/2016
Seeded bread products - undeclared sesame seeds in product. ,Recalled,Possible adverse effects to allergy sufferers.,http://www.food.gov.uk/news-updates/news/2016/14880/boulder-brands-recalls-udis-seeded-products,16/02/2016
Various bread products - undeclared sesame seeds (Update 1) in product. ,Recalled,Possible adverse effects to allergy sufferers.,http://www.food.gov.uk/news-updates/news/2016/14883/boulder-brands-uk-asda-tesco-recall-bread-products,17/02/2016
Cakes - undeclared milk in product. ,Recalled,Possible adverse effects to allergy sufferers.,http://www.food.gov.uk/news-updates/news/2016/14895/the-nut-house-recalls-tasty-bake-brand-cakes,19/02/2016
Chocolate and Beetroot Cake - undeclared walnuts in product. ,Withdrawn,Possible adverse effects to allergy sufferers.,http://www.food.gov.uk/news-updates/news/2016/14896/asda-withdraws-extra-special-chocolate-and-beetroot-cake,19/02/2016
Swiss Rolls - undeclared milk in product. ,Recalled,Possible adverse effects to allergy sufferers.,http://www.food.gov.uk/news-updates/news/2016/14916/delicontinental-swiss-rolls-recall,25/02/2016
"Energy Bar Superberry - undeclared barley, soya and milk in product. ",Recalled,Possible adverse effects to allergy sufferers.,http://www.food.gov.uk/news-updates/news/2016/14945/ssp-golf-ltd-recalls-ssp-performance-golf-energy-bar-superberry-due-to-undeclared-allergens,03/03/2016
Chocolate Chip Cookies - undeclared milk in product. ,Recalled,Possible adverse effects to allergy sufferers.,http://www.food.gov.uk/news-updates/news/2016/14950/poundstretcher-withdraws-disney-chocolate-chip-cookies-due-to-undeclared-milk,04/03/2016
Chocolate Chip Cookies - undeclared milk. ,Recalled,Possible adverse effects to allergy sufferers.,http://www.food.gov.uk/news-updates/news/2016/14996/disney-chocolate-chip-cookies-recalled,15/03/2016
Horseradish sauce - presence of sulphur dioxide in product. Recall.,Recalled,Possible adverse effects to allergy sufferers.,http://www.food.gov.uk/news-updates/news/2016/14988/z-p-h-edmal-recalls-its-crzan-tarty-horseradish-290g-jars,11/02/2016
Horseradish sauce - presence of sulphur dioxide in product. ,Recalled,Possible adverse effects to allergy sufferers.,http://www.food.gov.uk/news-updates/news/2016/15004/edmal-chrzan-tarty-horseradish-recalled-update,18/03/2016
Apple and Port Cheese - undeclared mustard and sulphites in product. ,Recalled,Possible adverse effects to allergy sufferers.,http://www.food.gov.uk/news-updates/news/2016/14987/shorrocks-cheese-has-recalled-its-luxury-apple-and-port-cheese-bombs-because-they-contain-undeclared-mustard-and-sulphites,11/02/2016
Easter Butterfly Cakes -undeclared presence of cow?s milk in product. ,Recalled,Possible adverse effects to allergy sufferers.,http://www.food.gov.uk/news-updates/news/2016/15024/fatherson-bakery-recalls-easter-butterfly-cakes,24/03/2016
Basted Turkey Breast Joint - presence of sulphur dioxide in product. ,Recalled,Possible adverse effects to allergy sufferers.,http://www.food.gov.uk/news-updates/news/2016/15040/heron-foods-recalls-its-basted-turkey-breast-joint,30/03/2016
Chips (crisps) Barbecue flavour - undeclared milk in product. ,Recalled,Possible adverse effects to allergy sufferers.,http://www.food.gov.uk/news-updates/news/2016/15041/leslies-clover-chips-barbecue-flavour-recalled,31/03/2016
Chilli & Cheese Tortilla Cup Canapes - undeclared gluten in product.,Recalled ,Possible adverse effects to allergy sufferers. ,https://www.food.gov.uk/news-updates/news/2016/15054/cook-trading-limited-canapes-recalled,06/04/2016
Choc chip cookies tins - undeclared milk in product.,Recalled ,Possible adverse effects to allergy sufferers. ,https://www.food.gov.uk/news-updates/news/2016/15061/jacobsens-bakery-recalls-disney-chocolate-chip-cookies,08/04/2016
"Mix of Pretzels, Sticks and Salted Biscuits - undeclared milk in product.",Recalled ,Possible adverse effects to allergy sufferers. ,https://www.food.gov.uk/news-updates/news/2016/15069/jackpot-mix-mix-of-pretzels-sticks-and-salted-biscuits-recalled,15/04/2016
"Two types of mixed vegetables products - undeclared milk, gluten, soya and celery not listed on the label in English.",Recalled ,Possible adverse effects to allergy sufferers. ,https://www.food.gov.uk/news-updates/news/2016/15073/lidl-recalls-green-grocers-brand-of-mixed-vegetables-due-to-undeclared-allergens,16/04/2016
Bruschetta ai Pomodiri Secchi - undeclared sulphites in product.,Recalled ,Possible adverse effects to allergy sufferers. ,https://www.food.gov.uk/news-updates/news/2016/15081/spar-recalls-its-bruschetta-ai-pomodiri-secchi,19/04/2016
Almonds and Flaked Almonds - undeclared brazil nuts in product.,Recalled ,Possible adverse effects to allergy sufferers. ,https://www.food.gov.uk/news-updates/news/2016/15098/by-sainsburys-almonds-and-flaked-almonds-recalled,22/04/2016
Two brands of various products - due to incorrect allergen labelling.,Recalled ,Possible adverse effects to allergy sufferers. ,https://www.food.gov.uk/news-updates/news/2016/15085/sara-int-recalls-products-incorrect-labelling,22/04/2016
Chocolate Coated Honeycomb 100g -undeclared milk and soya in product,Recalled ,Possible adverse effects to allergy sufferers. ,https://www.food.gov.uk/news-updates/news/2016/15101/ginco-recalls-chocolate-coated-honeycomb,25/04/2016
"Assorted ?Herring Fillets? products (200g) -undeclared fish, milk, egg, mustard and wheat (gluten) in product.",Recalled ,Possible adverse effects to allergy sufferers. ,https://www.food.gov.uk/news-updates/news/2016/15107/lidl-recalls-nixe-brand-herring-fillets-assorted-200g-due-to-undeclared-allergens,29/04/2016
"Celery, Nut and Sultana Salad - undeclared milk in product.",Recalled ,Possible adverse effects to allergy sufferers. ,https://www.food.gov.uk/news-updates/news/2016/15108/asda-celery-nut-and-sultana-salad-withdrawn-because-it-contains-milk,29/04/2016
"Sachets of various flavoured sauces - undeclared oyster, soya, and/or wheat (gluten) in product.",Recalled ,Possible adverse effects to allergy sufferers. ,https://www.food.gov.uk/news-updates/news/2016/15109/blue-dragon-value-pack-of-chow-mein-sauce-and-oyster-and-spring-onion-and-sweet-chilli-stir-fry-sauce-recalled,30/04/2016
Potato Wedges (750g) -  undeclared wheat (gluten) not listed in English on the label in product.,Recalled ,Possible adverse effects to allergy sufferers. ,https://www.food.gov.uk/news-updates/news/2016/15128/lidl-harvest-basket-potato-wedges,06/05/2016
"Retailer recalls three products - undeclared wheat, rye or barley (gluten), milk or hazelnuts which are not mentioned on the label in English.",Recalled ,Possible adverse effects to allergy sufferers. ,https://www.food.gov.uk/news-updates/news/2016/15148/lidl-recalls-three-products-due-to-undeclared-allergens,15/05/2016
Gluten and Dairy-free Hazelnut and Praline Brownie - undeclared milk in product.,Recalled ,Possible adverse effects to allergy sufferers. ,https://www.food.gov.uk/news-updates/news/2016/15161/coffee1ltd-recalls-gluten-and-dairy-free-hazelnut-and-praline-brownie,20/05/2016
"Biscuits - undeclared wheat (gluten), milk and soya which are not mentioned on the label in English.",Recalled ,Possible adverse effects to allergy sufferers. ,https://www.food.gov.uk/news-updates/news/2016/15166/recall-kelloggs-special-k-biscuit-moments,25/05/2016
Cheddar Cheese Flavoured Snacks - incorrect labelling of milk as an allergen.,Recalled ,Possible adverse effects to allergy sufferers. ,https://www.food.gov.uk/news-updates/news/2016/15172/3d-trading-recalls-cheetos-cheddar-jalapeno-crunchy-cheese-flavoured-snacks-due-to-incorrect-labelling-of-milk-as-an-allergen,27/05/2016
Cheddar Cheese Flavoured Snacks - incorrect labelling of milk as an allergen.,Recalled ,Possible adverse effects to allergy sufferers. ,https://www.food.gov.uk/news-updates/news/2016/15175/3d-trading-extends-recall-of-cheetos-snacks-due-to-incorrect-labelling-of-milk-as-an-allergen,01/06/2016
4 Salmon Skewers Marinated in BBQ Dressing - undeclared milk  in product.,Recalled ,Possible adverse effects to allergy sufferers. ,https://www.food.gov.uk/news-updates/news/2016/15173/morrisons-skewers,27/05/2016
 8 Chapattis - undeclared wheat (gluten) in product.,Recalled ,Possible adverse effects to allergy sufferers. ,https://www.food.gov.uk/news-updates/news/2016/15179/lidl-vitasia-8-chapattis,03/06/2016
Chocolate Sponge Cake - undeclared presence of soya in product.,Recalled ,Possible adverse effects to allergy sufferers. ,https://www.food.gov.uk/news-updates/news/2016/15193/garth-bakery-recalls-its-chocolate-sponge-due-to-undeclared-presence-of-soya,08/06/2016
" Organic Spiced Carrot and Parsnip Soup - undeclared  wheat (gluten) and celery, which are not mentioned on the label. ",Recalled ,Possible adverse effects to allergy sufferers. ,https://www.food.gov.uk/news-updates/news/2016/15215/waitrose-recalls-duchy-organic-spiced-carrot-and-parsnip-soup,17/06/2016
Diet Whey Shake - undeclared soya in product.,Recalled ,Possible adverse effects to allergy sufferers. ,https://www.food.gov.uk/news-updates/news/2016/15211/premia-health-recalls-protein-active-diet-whey-shake,20/06/2016
Choklad M?rk 60% and Choklad M?rk 70% -  undeclared milk and hazelnuts in product.,Recalled ,Possible adverse effects to allergy sufferers. ,https://www.food.gov.uk/news-updates/news/2016/15238/ikea-recalls-choklad-60-and-70,27/06/2016
2 Skipjack Tuna Fishcakes - undeclared presence of egg in product.,Recalled ,Possible adverse effects to allergy sufferers.,https://www.food.gov.uk/news-updates/news/2016/15255/marks-spencer-recalls-skipjack-tuna-fishcakes-for-undeclared-egg,28/06/2016
Chocolate Fudge Puddings -  undeclared soya in product.,Recalled ,Possible adverse effects to allergy sufferers. ,https://www.food.gov.uk/news-updates/news/2016/15260/country-puddings-ltd-recalls-chocolate-fudge-puddings,29/06/2016
"Protein shakes, Protein Bars and Whey Tubs - undeclared soya and/or egg in product.",Recalled,Possible adverse effects to allergy sufferers.,https://www.food.gov.uk/news-updates/news/2016/15278/premia-health-extends-recall-of-protein-active-diet-whey-shake,01/07/2016
Ice Lollies - undeclared milk in product.,Recalled,Possible adverse effects to allergy sufferers.,https://www.food.gov.uk/news-updates/news/2016/15287/frozen-value-ltd-recalls-gut-gunstig-rocket-ice-lollies,05/07/2016
Vegetable microwaveable rice - undeclared egg in product.,Recalled,Possible adverse effects to allergy sufferers.,https://www.food.gov.uk/news-updates/news/2016/15299/fei-foods-recalls-tiori-branded-golden-vegetable-micro-rice,08/07/2016
Protein Shot and Protein Active Energy Shot - undeclared egg in product.,Recalled,Possible adverse effects to allergy sufferers.,https://www.food.gov.uk/news-updates/news/2016/15300/premia-health-recall-update2,08/07/2016
Cheese Sandwich - undeclared egg and mustard in product.,Recalled,Possible adverse effects to allergy sufferers.,https://www.food.gov.uk/news-updates/news/2016/15301/booths-sandwich-egg-mustard,10/07/2016
Mini Rocky Road Bites - undeclared egg in product.,Recalled,Possible adverse effects to allergy sufferers.,https://www.food.gov.uk/news-updates/news/2016/15323/asda-recalls-baker-selection-rocky-road,19/07/2016
Teriyaki Crackers - undeclared of prawns in product.,Recalled,Possible adverse effects to allergy sufferers.,https://www.food.gov.uk/news-updates/news/2016/15328/marks-spencer-recalls-its-teriyaki-crackers-due-to-the-undeclared-presence-of-prawns,20/07/2016
Various types of Pickled Fruits and Walnuts for Cheese- undeclared mustard in product.,Recalled,Possible adverse effects to allergy sufferers.,https://www.food.gov.uk/news-updates/news/2016/15329/fine-cheese-co-recalls-pickled-fruits-and-walnuts-for-cheese,20/07/2016
Whey and Protein shakes - undeclared soya and gluten in product.,Recalled,Possible adverse effects to allergy sufferers.,https://www.food.gov.uk/northern-ireland/news-updates/news/2016/15334/premia-health-updating-recall,21/07/2016
Syrup Sponge Puddings - undeclared milk in product.,Recalled,Possible adverse effects to allergy sufferers.,https://www.food.gov.uk/news-updates/news/2016/15338/asda-recalls-syrup-sponge-puddings,22/07/2016
Salted Rice Cakes - undeclared sesame in product.,Recalled,Possible adverse effects to allergy sufferers.,https://www.food.gov.uk/news-updates/news/2016/15339/lidl-recalls-sonday-salted-rice-cakes,22/07/2016
Various chocolate bars - undeclared hazelnut and/or almond in product.,Recalled,Possible adverse effects to allergy sufferers.,https://www.food.gov.uk/news-updates/news/2016/15364/ikea-is-extending-recall-choc-products,28/07/2016
Fruit Yoghurt - undeclared milk in product.,Recalled,Possible adverse effects to allergy sufferers.,https://www.food.gov.uk/news-updates/news/2016/15371/lidl-recalls-milbona-fruit-yoghurt-due-to-undeclared-milk,29/07/2016
Peanuts - undeclared in English as peanuts on the label.,Recalled,Possible adverse effects to allergy sufferers.,https://www.food.gov.uk/news-updates/news/2016/15372/lidl-recalls-alesto-honey-peanuts,29/07/2016
Cheese and Tomato Pasta - undeclared mustard in product.,Recalled,Possible adverse effects to allergy sufferers.,https://www.food.gov.uk/news-updates/news/2016/15376/co-op-simply-cheese-and-tomato-pasta,31/07/2016
"Peanuts and Raisins - undeclared presence of almonds, Brazil nuts and pistachio nuts in products.",Recalled,Possible adverse effects to allergy sufferers.,https://www.food.gov.uk/news-updates/news/2016/15378/waitrose-recalls-its-lovelife-peanut-and-raisins,01/08/2016
Roasted Millet Snack Bar - undeclared peanut in product.,Recalled,Possible adverse effects to allergy sufferers.,https://www.food.gov.uk/news-updates/news/2016/15392/interlink-recalls-its-pop-millet-roasted-millet-snack-bar,05/08/2016
Egg Salad Sandwich - undeclared milk in product.,Recalled,Possible adverse effects to allergy sufferers.,https://www.food.gov.uk/news-updates/news/2016/15458/asda-recalls-egg-salad-sandwich-due-to-undeclared-milk,27/08/2016
Peanuts ? undeclared in English as peanuts on the label,Recalled,Possible adverse effects to allergy sufferers.,https://www.food.gov.uk/news-updates/news/2016/15466/lidl-ireland-withdraws-alesto-roasted-and-salted-peanuts,31/08/2016
Roasted Millet Snack Bar - undeclared peanut in product.,Recalled,Possible adverse effects to allergy sufferers.,https://www.food.gov.uk/news-updates/news/2016/15468/interlink-extends-recall-of-pop-millet-roasted-millet-snack-bar,02/09/2016
All Purpose Seasoning - presence of mustard and celery in product.,Recalled,Possible adverse effects to allergy sufferers.,https://www.food.gov.uk/news-updates/news/2016/15469/trs-all-purpose-seasoning-recalled,02/09/2016
Orange & Milk Chocolate Cookies 150g - undeclared hazelnut in product.,Recalled,Possible adverse effects to allergy sufferers.,https://www.food.gov.uk/news-updates/news/2016/15471/waitrose-recall-orange-milk-chocolate-cookies,02/09/2016
Raisin Milk Chocolate 200g - undeclared hazelnut and almond in product.,Recalled,Possible adverse effects to allergy sufferers.,https://www.food.gov.uk/news-updates/news/2016/15473/sainsburys-recalls-raisin-milk-chocolate,04/09/2016
Multigrain Loaf - inconsistent declaration of allergenic ingredients.,Recalled,Possible adverse effects to allergy sufferers.,https://www.food.gov.uk/news-updates/news/2016/15482/linwoods-multigrain-loaf-recalled,07/09/2016
All Purpose Seasoning - presence of mustard and celery.,Recalled,Possible adverse effects to allergy sufferers.,https://www.food.gov.uk/news-updates/news/2016/15488/trs-extends-recall-of-all-purpose-seasoning,09/09/2016
Various types of Muesli - incorrect allergens information on product.,Recalled,Possible adverse effects to allergy sufferers.,https://www.food.gov.uk/news-updates/news/2016/15511/dorset-cereals-recalling-muesli-range,16/09/2016
Tomato & Oregano Gluten-Free Crackers - presence of gluten.,Recalled,Possible adverse effects to allergy sufferers.,https://www.food.gov.uk/news-updates/news/2016/15520/mister-free-d-recalls-tomato-oregano-gluten-free-crackers,16/09/2016
Meat Free Soups - undeclared egg in product.,Recalled,Possible adverse effects to allergy sufferers.,https://www.food.gov.uk/news-updates/news/2016/15541/quorn-foods-is-recalling-meat-free-soups-due-to-undeclared-egg,27/09/2016
"2 Sea Bass Fillets with Lemongrass, Lime & Chilli Butter - undeclared mustard in product.",Recalled,Possible adverse effects to allergy sufferers.,https://www.food.gov.uk/news-updates/news/2016/15546/morrisons-recalls-sea-bass-fillets-undeclared-mustard,28/09/2016
"Peanuts & Raisins - undeclared almonds, brazil nuts, cashews, and walnuts.",Recalled,Possible adverse effects to allergy sufferers.,https://www.food.gov.uk/news-updates/news/2016/15551/waitrose-recalls-lovelife-peanuts-raisins,30/09/2016
Vegetable pie -   undeclared fish.,Recalled,Possible adverse effects to allergy sufferers.,https://www.food.gov.uk/news-updates/news/2016/15564/island-delight-recalling-vegetable-short-crust-pattie,06/10/2016
Sausage rolls 6pk - incorrect labelling the product contains milk.,Recalled,Possible adverse effects to allergy sufferers.,https://www.food.gov.uk/news-updates/news/2016/15570/asda-recalling-tiger-sausage-rolls,07/10/2016
Quickeat Poha  - due to incorrect declaration of peanut.,Recalled,Possible adverse effects to allergy sufferers.,https://www.food.gov.uk/news-updates/news/2016/15573/trs-wholesale-co-recalls-quickeat-poha,10/10/2016
Two types of condiments -undeclared sulphur dioxide.[1],Recalled,Possible adverse effects to allergy sufferers.,https://www.food.gov.uk/news-updates/news/2016/15591/mackays-recall-condiments,14/10/2016
Gluten free brownie - due to the presence of walnuts.,Recalled,Possible adverse effects to allergy sufferers.,https://www.food.gov.uk/news-updates/news/2016/15614/lizzie-s-food-factory-recalls-gluten-free-brownie,20/10/2016
A batch of flour - due to the presence of gluten,Recalled,Possible adverse effects to allergy sufferers.,https://www.food.gov.uk/news-updates/news/2016/15620/urja-impex-recalls-sena-farali-lot-flour,21/10/2016
Four types of beer - due to undeclared wheat (gluten).,Recalled,Possible adverse effects to allergy sufferers.,https://www.food.gov.uk/news-updates/news/2016/15652/gower-brewing-recalling-four-types-of-beer,01/11/2016
Chinese chicken curry with Egg Fried Rice - due to undeclared milk.,Recalled,Possible adverse effects to allergy sufferers.,https://www.food.gov.uk/news-updates/news/2016/15730/aldi-recalling-chinese-chicken-curry-with-egg-fried-rice,16/11/2016
Coconut almond butter - due to undeclared peanut.,Recalled,Possible adverse effects to allergy sufferers.,https://www.food.gov.uk/news-updates/news/2016/15748/pip-nut-recalls-coconut-almond-butter,18/11/2016
Energy bars - due to undeclared milk.,Recalled,Possible adverse effects to allergy sufferers.,https://www.food.gov.uk/northern-ireland/news-updates/news/2016/15800/boost-and-boom-recall-energybars,07/12/2016
Beef sirloin steak with garlic and herb butter - due to undeclared milk.,Recalled,Possible adverse effects to allergy sufferers.,https://www.food.gov.uk/news-updates/news/2016/15782/asda-recalls-sirloin-steak-with-garlic-herb-butter,02/12/2016
Rolled white icing due to undeclared almonds.,Recalled,Possible adverse effects to allergy sufferers,https://www.food.gov.uk/news-updates/news/2016/15784/dr-oetker-recalls-regal-ice-rolled-icing-white,02/12/2016
2 Vegetable Balti - undeclared milk.,Recalled,Possible adverse effects to allergy sufferers.,https://www.food.gov.uk/news-updates/news/2016/15783/asda-recalls-main-for-2-vegetable-balti,02/12/2016
Gingerbread cake - due to undeclared nuts.,Recalled,Possible adverse effects to allergy sufferers.,https://www.food.gov.uk/news-updates/news/2016/15816/co-op-recalls-irresistible-gingerbread-latte-cake,13/12/2016
"Four dip and salad products - due to undeclared soya, wheat (gluten) and sesame.",Recalled,Possible adverse effects to allergy sufferers.,https://www.food.gov.uk/news-updates/news/2016/15820/delphi-food-recalls-four-products,14/12/2016
Chocolate chip cookies - due to undeclared milk.,Recalled,Possible adverse effects to allergy sufferers.,https://www.food.gov.uk/news-updates/news/2016/15846/lenny-and-larry-chocolate-chip-undeclared-milk,23/12/2016
Ready salted crisps 6 pack - due to undeclared milk.,Recalled,Possible adverse effects to allergy sufferers.,https://www.food.gov.uk/news-updates/news/2016/15848/sainsbury-s-recalls-ready-salted-crisps,30/12/2016
Egg Mayonnaise Sandwich - due to undeclared egg and mustard.,Recalled,Possible adverse effects to allergy sufferers.,https://www.food.gov.uk/news-updates/news/2017/15852/booths-recalls-free-range-egg-mayonnaise-sandwich,03/01/2017
Corn Chips - due to undeclared soya and wheat (gluten).,Recalled,Possible adverse effects to allergy sufferers.,https://www.food.gov.uk/news-updates/news/2017/15862/pepsico-recalls-doritos-lightly-salted-corn-chips,05/01/2017
Bakery cakes - due to undeclared egg (Northern Ireland),Recalled,Possible adverse effects to allergy sufferers.,https://www.food.gov.uk/northern-ireland/news-updates/news/2017/15866/heatherlea-bakery-recalls-cakes-undeclared-egg,09/01/2017
Assorted Cupcakes because of undeclared allergen.,Recalled,Possible adverse effects to allergy sufferers.,https://www.food.gov.uk/news-updates/news/2017/15876/morrisons-recalls-market-street-assorted-cupcakes,12/01/2017
Butter Chicken - due to undeclared nuts.,Recalled,Possible adverse effects to allergy sufferers.,https://www.food.gov.uk/news-updates/news/2017/15880/tesco-recalls-two-batch-codes-of-tesco-takeaway-butter-chicken,16/01/2017
Cacao Nibs Cashew Butter -due to misleading allergen labelling.,Recalled,Possible adverse effects to allergy sufferers.,https://www.food.gov.uk/news-updates/news/2017/15881/windmill-organics-recalls-pro-fusion-organic-cacao-nibs-cashew-butter,17/01/2017
10 Pack Biscuits - due to incorrect allergen labelling.,Recalled,Possible adverse effects to allergy sufferers.,https://www.food.gov.uk/news-updates/news/2017/15894/b-m-recalls-mini-cream-10-pack-biscuits,20/01/2017
Spiced Chicken Soup - due to undeclared allergen.,Recalled,Possible adverse effects to allergy sufferers.,https://www.food.gov.uk/news-updates/news/2017/15930/new-covent-garden-soup-co-recalls-skinny-goan-spiced-chicken-soup,27/01/2017
Southern Fried Chicken Wrap - due to incorrect allergen labelling.,Recalled,Possible adverse effects to allergy sufferers.,https://www.food.gov.uk/news-updates/news/2017/15931/co-op-recalls-southern-fried-chicken-wrap,27/01/2017
Southern Fried Chicken Wrap - due to incorrect allergen labelling.,Recalled,Possible adverse effects to allergy sufferers.,https://www.food.gov.uk/news-updates/news/2017/15932/co-op-extends-recall-of-southern-fried-chicken-wrap,27/01/2017
Pasta Bolognese - due to incorrect allergen labelling.,Recalled,Possible adverse effects to allergy sufferers.,https://www.food.gov.uk/news-updates/news/2017/15937/asda-recalls-little-dish-pasta-bolognese,31/01/2017
Ham ? due to undeclared milk and wheat (Northern Ireland only),Recalled,Possible adverse effects to allergy sufferers.,https://www.food.gov.uk/northern-ireland/news-updates/news/2017/15955/flynn-s-fine-foods-recalls-limerick-cooked-ham,04/02/2017
Chocolate Cr?me Biscuits - due to incorrect allergen labelling.,Recalled,Possible adverse effects to allergy sufferers.,https://www.food.gov.uk/news-updates/news/2017/15983/poundstretcher-recalls-choc-creme-oreos,16/02/2017
Natural Bitter Almond Extract - due to undeclared nuts. (Food Standards Scotland)[1],Recalled,Possible adverse effects to allergy sufferers.,http://www.foodstandards.gov.scot/news/advice-consumers-regarding-certain-almond-extract-products,02/03/2017
Chocolate bar- due to undeclared egg. (Northern Ireland only)[2],Recalled,Possible adverse effects to allergy sufferers.,https://www.food.gov.uk/news-updates/news/2017/15984/heatons-recalls-toblerones,17/01/2017
Frozen 2 Breaded Haddock Fillets - due to incorrect allergen labelling.,Recalled,Possible adverse effects to allergy sufferers.,https://www.food.gov.uk/news-updates/news/2017/16000/waitrose-recalls-frozen-2-breaded-haddock-fillets-because-of-incorrect-allergen-labelling,24/02/2017
Almond Extract because of undeclared nuts.,Recalled,Possible adverse effects to allergy sufferers.,https://www.food.gov.uk/news-updates/news/2017/16020/uncle-roy-s-recalls-natural-bitter-almond-extract,19/02/2017
Whey Protein - due to undeclared milk.,Recalled,Possible adverse effects to allergy sufferers.,https://www.food.gov.uk/news-updates/news/2017/16037/zipvit-recalls-whey-protein-undeclared-milk,03/03/2017
Spaghetti Bolognese (frozen) - due to undeclared egg.,Recalled,Possible adverse effects to allergy sufferers.,https://www.food.gov.uk/news-updates/news/2017/16038/tesco,03/03/2017
Two varieties of chocolate bars - due to undeclared egg.,Recalled,Possible adverse effects to allergy sufferers.,https://www.food.gov.uk/news-updates/news/2017/16045/seasalt-cornwall-recalls-two-chocolate-bars,03/03/2017
Sandwich products due to undeclared allergens.,Recalled,Possible adverse effects to allergy sufferers.,https://www.food.gov.uk/news-updates/news/2017/16048/best-fresh-recalls-six-sandwich-products,10/03/2017
Two varieties of chocolate bars - due to undeclared egg.,Recalled,Possible adverse effects to allergy sufferers.,https://www.food.gov.uk/news-updates/news/2017/16056/kernow-chocolate-recall,14/03/2017
Two Easter chocolate eggs products - due to undeclared barley.,Recalled,Possible adverse effects to allergy sufferers.,https://www.food.gov.uk/news-updates/news/2017/16058/lindtsprungli-recalls-easter-chocolate-eggs-undeclared-barley,14/03/2017
Chicken Chow Mein - due to undeclared allergens.,Recalled,Possible adverse effects to allergy sufferers.,https://www.food.gov.uk/news-updates/news/2017/16055/tesco-recalls-orientalkitchen-chicken-chowmein,14/03/2017
Supplement Tablets - due to undeclared lactose.,Recalled,Possible adverse effects to allergy sufferers.,https://www.food.gov.uk/news-updates/news/2017/16065/sunvit-recalls-sunvit-d3-5000iutablets-undeclared-lactose,15/03/2017
Assorted pastries and cupcakes - due to undeclared milk (Northern Ireland only).,Recalled,Possible adverse effects to allergy sufferers.,https://www.food.gov.uk/news-updates/news/2017/16079/craig-foods-recalls-slemish-assorted-pastries-and-cupcakes-because-they-contain-milk-northern-ireland-only,22/03/2017
Bakery products - due to undeclared milk (Northern Ireland only)[3].,Recalled,Possible adverse effects to allergy sufferers.,https://www.food.gov.uk/news-updates/news/2017/16086/homestead-homebakes-recalls-products-due-to-undeclared-milk-n-ireland-only,23/03/2017
Vegetarian sushi - due to undeclared allergens.,Recalled,Possible adverse effects to allergy sufferers.,https://www.food.gov.uk/news-updates/news/2017/16107/sainsburysrecallsvegetariansushiproductduetoundeclaredallergens,28/03/2017
Chocolate Easter egg - due to   undeclared milk.,Recalled,Possible adverse effects to allergy sufferers.,https://www.food.gov.uk/news-updates/news/2017/16117/thorntons-recalls-its-dark-chocolate-easter-egg-with-a-personalised-iced-message-because-of-undeclared-milk,30/03/2017
Three cake rusk products - because of incorrect allergen labelling,Recalled,Possible adverse effects to allergy sufferers,https://www.food.gov.uk/news-updates/news/2017/16130/krunchi-foods-recalls-cake-rusk-products-incorrect-allergen-labelling,04/04/2017
Crab & Chilli Linguine - because of undeclared milk and egg,Recalled,Possible adverse effects to allergy sufferers,https://www.food.gov.uk/news-updates/news/2017/16131/tesco-recall-finest-crab-chilli-linguine-undeclared-milk-egg,04/04/2017
Fresh Udon Noodles - because of incorrect allergen labelling,Recalled,Possible adverse effects to allergy sufferers,https://www.food.gov.uk/news-updates/news/2017/16135/hoo-hing-recalls-samlip-fresh-udon-noodles-allergen,06/04/2017
Creamy Candy - because of incorrect allergen labelling,Recalled,Possible adverse effects to allergy sufferers,https://www.food.gov.uk/news-updates/news/2017/16149/interlink-direct-ltd-recalls-white-rabbit-creamy-candy-because-of-incorrect-allergen-labelling,12/04/2017
Milk Chocolate Bites Pouch Bag - because of undeclared nuts and peanuts,Recalled,Possible adverse effects to allergy sufferers,https://www.food.gov.uk/news-updates/news/2017/16160/nestl-recalls-kitkat-original-milk-chocolate-bites-pouch-bag-undeclared-allergens,14/04/2017
Confectionery products - because of undeclared allergens,Recalled,Possible adverse effects to allergy sufferers,https://www.food.gov.uk/news-updates/news/2017/16163/fazal-s-recalls-confectionery-products-because-of-undeclared-allergens,19/04/2017
Szechuan Chicken - because of undeclared barley,Recalled,Possible adverse effects to allergy sufferers,https://www.food.gov.uk/news-updates/news/2017/16171/asda-recalls-limited-edition-szechuan-chicken-because-of-undeclared-barley,26/04/2017
Probiotic supplements - because of undeclared milk protein,Recalled,Possible adverse effects to allergy sufferers,https://www.food.gov.uk/news-updates/news/2017/16179/renewlifeuk-recalls-probioticsupplements-undeclared-milkprotein,04/05/2017
Cornflake Mix snack - because of packaging error,Recalled,Possible adverse effects to allergy sufferers,https://www.food.gov.uk/news-updates/news/2017/16181/cofresh-recalls-its-cornflake-mix-snack-because-of-packaging-error,06/05/2017
Madagascan Vanilla Extract - because of undeclared almonds,Recalled,Possible adverse effects to allergy sufferers,https://www.food.gov.uk/news-updates/news/2017/16187/aldi-recalls-its-madagascan-vanilla-extract-due-to-undeclared-almonds,11/05/2017
Cheese & Bacon Burgers - because of undeclared soya (Northern Ireland only),Recalled,Possible adverse effects to allergy sufferers,https://www.food.gov.uk/news-updates/news/2017/16196/musgrave-ni-recalls-cheese-bacon-burgers-undeclared-soya,19/05/2017
Gluten Free Organic Pale Ale - because of undeclared barley,Recalled,Possible adverse effects to allergy sufferers,https://www.food.gov.uk/news-updates/news/2017/16204/aldi-recalls-brasserie-gluten-free-organic-pale-ale-due-to-undeclared-barley,25/05/2017
Chilled Cocktail Sausages - because of incorrect allergen labelling,Recalled,Possible adverse effects to allergy sufferers,https://www.food.gov.uk/news-updates/news/2017/16209/quorn-foods-recalls-chilled-cocktail-sausages-because-of-incorrect-allergen-labelling,31/05/2017
Raspberry Cheesecake - because of incorrect allergen labelling,Recalled,Possible adverse effects to allergy sufferers,https://www.food.gov.uk/news-updates/news/2017/16211/spar-recalls-all-batches-of-spar-raspberry-cheesecake-400g,01/06/2017
Gluten Free Ale - because of an allergen labelling error,Recalled,Possible adverse effects to allergy sufferers,https://www.food.gov.uk/news-updates/news/2017/16212/hepworth-co-brewers-ltd-recalls-classic-old-ale-due-to-undeclared-gluten,02/06/2017
Gluten Free Chocolate Brownies - because of incorrect allergen labelling,Recalled,Possible adverse effects to allergy sufferers,https://www.food.gov.uk/news-updates/news/2017/16215/ashbourne-foods-recalls-gluten-free-chocolate-brownies-incorrect-allergen-labelling,06/06/2017
Chicken Powder Bouillon - because of incorrect allergen labelling,Recalled,Possible adverse effects to allergy sufferers,https://www.food.gov.uk/news-updates/news/2017/16222/unilever-recalls-knorr-chicken-powder-bouillon,09/06/2017
Sandwich and baguette products - because of incorrect allergen labelling,Recalled,Possible adverse effects to allergy sufferers,https://www.food.gov.uk/news-updates/news/2017/16223/direct-food-solution-recalls-sandwiches-incorrect-allergen-labelling,09/06/2017
Biltong products - because of incorrect allergen labelling,Recalled,Possible adverse effects to allergy sufferers,https://www.food.gov.uk/news-updates/news/2017/16224/the-biltong-farm-recalls-its-biltong-products,09/06/2017
Various bakery products because of incorrect allergen labelling (Northern Ireland only),Recalled,Possible adverse effects to allergy sufferers,https://www.food.gov.uk/news-updates/news/2017/16257/cherry-tree-home-bakery-recalls-various-products-because-of-incorrect-allergen-labelling,16/06/2017
Salted Radish - because of undeclared sulphur dioxide and/or sulphites,Recalled,Possible adverse effects to allergy sufferers,https://www.food.gov.uk/news-updates/news/2017/16287/hoo-hing-recalls-fisherman-salted-radish-undeclared-sulphur-dioxide-sulphites,27/06/2017
"Mini Vegetable Samosas - because of undeclared milk, soya and wheat (gluten)",Recalled,Possible adverse effects to allergy sufferers,https://www.food.gov.uk/news-updates/news/2017/16286/heron-foods-recalls-xsell-mini-vegetable-samosas-because-of-undeclared-milk-soya-and-wheat-gluten,27/06/2017
Edamame Thai Spiced Dip - because of undeclared milk and pistachio nuts,Recalled,Possible adverse effects to allergy sufferers,https://www.food.gov.uk/news-updates/news/2017/16302/sainsbury-s-recalls-edamame-thai-spiced-dip-because-of-undeclared-milk-and-pistachio-nuts,29/06/2017
Birthday Cake Cookie Dough Bites - due to incorrect allergen labelling.,Recalled,Possible adverse effects to allergy sufferers.,https://www.food.gov.uk/news-updates/news/2017/16333/cl-trading-ltd-recalls-birthday-cake-cookie-dough-bites-because-of-incorrect-allergen-labelling,05/07/2017
8 Belgian White Chocolate Chunk All Butter Cookies - due to undeclared hazelnut.,Recalled,Possible adverse effects to allergy sufferers.,https://www.food.gov.uk/news-updates/news/2017/16334/waitrose-recalls-its-8-belgian-white-chocolate-chunk-all-butter-cookies-because-of-undeclared-hazelnut,06/07/2017
Chocolate Mint Protein Bar - due to  undeclared peanuts and nuts and incorrect allergen labelling.,Recalled,Possible adverse effects to allergy sufferers.,https://www.food.gov.uk/news-updates/news/2017/16339/clif-bar-recalls-its-clif-builders-chocolate-mint-protein-bar-because-of-undeclared-peanuts-and-nuts-and-incorrect-allergen-labelling,07/07/2017
Deli Peppered Ham & Egg Sandwiches - due to undeclared soya and sulphites.,Recalled,Possible adverse effects to allergy sufferers.,https://www.food.gov.uk/news-updates/news/2017/16341/spar-is-recalling-its-daily-deli-peppered-ham-egg-sandwiches,11/07/2017
Tortilla chips - due to undeclared milk.,Recalled,Possible adverse effects to allergy sufferers.,https://www.food.gov.uk/news-updates/news/2017/16349/pepsico-recalls-doritos-chilli-heatwave-undeclared-milk,13/07/2017
Fruit Teacakes - due to incorrect allergen labelling.,Recalled,Possible adverse effects to allergy sufferers.,https://www.food.gov.uk/news-updates/news/2017/16352/booths-recalls-fruit-teacakes-allergen-milk,14/07/2017
Food business Operater recalls four of its products - due to undeclared mustard and gluten.,Recalled,Possible adverse effects to allergy sufferers.,https://www.food.gov.uk/news-updates/news/2017/16380/poe-recalls-four-products,25/07/2017
Cooking Sauce - due to  undeclared egg.,Recalled,Possible adverse effects to allergy sufferers.,https://www.food.gov.uk/news-updates/news/2017/16436/tesco-recalls-leek-and-bacon-cooking-sauce,14/08/2017
Three products - due to undeclared allergens. Allergy Alert issued in Northern Ireland only.,Recalled,Possible adverse effects to allergy sufferers.,https://www.food.gov.uk/news-updates/news/2017/16439/lidl-ireland-recalls-three-vemondo-products,16/08/2017
Beef Sausages and Beef Pickled Briskets - due to undeclared allergens.,Recalled,Possible adverse effects to allergy sufferers.,https://www.food.gov.uk/news-updates/news/2017/16465/frohwein-s-recalls-beef-sausages-and-beef-pickled-briskets-because-of-undeclared-allergens,24/08/2017
Fish Pie 800g - due to undeclared mustard.,Recalled,Possible adverse effects to allergy sufferers.,https://www.food.gov.uk/news-updates/news/2017/16480/asda-recalls-classic-fish-pie-due-to-undeclared-mustard,01/09/2017
Milk Chocolate Raisins 150g - due to  undeclared peanuts.,Recalled,Possible adverse effects to allergy sufferers.,https://www.food.gov.uk/news-updates/news/2017/16511/whitworths-ltd-recalls-its-milk-chocolate-raisins-150g-because-of-undeclared-peanut,09/09/2017
Cookie & Cream Biscuits - due to  undeclared milk.,Recalled,Possible adverse effects to allergy sufferers.,https://www.food.gov.uk/news-updates/news/2017/16521/tesco-recalls-cookie-cream-biscuits,12/09/2017
Super Seeds Breakfast Apricot & Strawberry Bar - due to undeclared peanuts.,Recalled,Possible adverse effects to allergy sufferers.,https://www.food.gov.uk/news-updates/news/2017/16545/9nine-brand-foods-ltd-recalls-its-super-seeds-breakfast-apricot-strawberry-bar-because-of-undeclared-peanuts,19/09/2017
Marshmallow beer - due to undeclared lactose.,Recalled,Possible adverse effects to allergy sufferers.,https://www.food.gov.uk/news-updates/news/2017/16352/booths-recalls-fruit-teacakes-allergen-milk,20/09/2017
IPA - due to undeclared lactose.,Recalled,Possible adverse effects to allergy sufferers.,https://www.food.gov.uk/news-updates/news/2017/16554/west-by-three-brewing-co-recalls-the-pilot-series-berry-white-ipa-because-lactose-is-not-declared-as-being-derived-from-milk,21/09/2017
Homemade Stuffing - due to undeclared milk (Northern Ireland only).,Recalled,Possible adverse effects to allergy sufferers.,https://www.food.gov.uk/news-updates/news/2017/16578/cloughbane-farm-recalls-homemade-stuffing-undeclared-milk-ni,28/09/2017
 Punjabi Wadi - due to undeclared gluten and soya.,Recalled,Possible adverse effects to allergy sufferers.,https://www.food.gov.uk/news-updates/news/2017/16583/p-b-food-ltd-recalls-heera-punjabi-wadi-because-of-undeclared-gluten-and-soya,29/09/2017
Chicken and Bacon Layered Salad - due to undeclared milk.,Recalled,Possible adverse effects to allergy sufferers.,https://www.food.gov.uk/news-updates/news/2017/16596/aldi-recalls-chicken-bacon-layered-salad-undeclared-milk,05/10/2017
Sliced Chorizo - due to incorrect allergen labelling.,Recalled,Possible adverse effects to allergy sufferers.,https://www.food.gov.uk/news-updates/news/2017/16599/costcutter-recalls-independent-sliced-chorizo-because-of-incorrect-allergen-labelling,06/10/2017
Various  Protein Granola Trail Mixes - due to incorrect allergen labelling.,Recalled,Possible adverse effects to allergy sufferers.,https://www.food.gov.uk/news-updates/news/2017/16601/tk-maxx-homesense-recalls-protein-granola-mixes,06/10/2017
Wasabi Peas - due to undeclared Wheat (gluten).,Recalled,Possible adverse effects to allergy sufferers.,https://www.food.gov.uk/news-updates/news/2017/16600/gourmet-on-the-go-wasabi-peas-gluten,06/10/2017
Hot Pepper Pickle - due to undeclared mustard.,Recalled,Possible adverse effects to allergy sufferers.,https://www.food.gov.uk/news-updates/news/2017/16624/mr-naga-hot-pepper-pickle-recalled,15/10/2017
Various Energy drinks - due to undeclared soya and milk.,Recalled,Possible adverse effects to allergy sufferers.,https://www.food.gov.uk/news-updates/news/2017/16626/high5-recalls-energy-source-summer-fruits,16/10/2017
Chocolate patisserie rolls - due to undeclared soya.,Recalled,Possible adverse effects to allergy sufferers.,https://www.food.gov.uk/news-updates/news/2017/16644/les-brioche-recalls-its-les-brioche-pain-au-lait-brioche-rolls-8-pack-because-of-undeclared-soya,16/10/2017
 Fruit & Nut snacks - due to undeclared Brazil nuts,Recalled,Possible adverse effects to allergy sufferers.,https://www.food.gov.uk/news-updates/news/2017/16645/r-m-curtis-co-ltd-recalls-snacking-essentials-fruit-nut-because-of-undeclared-brazil-nuts,22/10/2017
Horseradish Sauce - due to undeclared sulphites.,Recalled,Possible adverse effects to allergy sufferers.,https://www.food.gov.uk/news-updates/news/2017/16669/rh-amar-recalls-mary-berry-s-horseradish-sauce-160g-because-of-undeclared-sulphites,02/11/2017
Four varieties of Drinking Chocolate Sticks - due to as allergenic ingredients not declared in English.,Recalled,Possible adverse effects to allergy sufferers.,https://www.food.gov.uk/news-updates/news/2017/16676/lidl-recalls-four-varieties-of-deluxe-drinking-chocolate-sticks-as-allergenic-ingredients-are-not-declared-in-english,03/11/2017
Fried Rice with Spiced Poppadum Potato & Peanuts - due to incorrect allergen labelling.,Recalled,Possible adverse effects to allergy sufferers.,https://www.food.gov.uk/news-updates/news/2017/16677/everest-cash-carry-recalls-fried-beaten-rice,03/11/2017
 Protein Powder Food Supplement - due to undeclared soya and milk.,Recalled,Possible adverse effects to allergy sufferers.,https://www.food.gov.uk/news-updates/news/2017/16681/isolab-recall-pro-pharma-protein-powder-undeclared-soya-milk,06/11/2017
Barbecue Flavour Coated Peanuts - due to undeclared cashew nuts.,Recalled,Possible adverse effects to allergy sufferers.,https://www.food.gov.uk/news-updates/news/2017/16686/aldi-recalls-its-clancy-s-barbecue-flavour-coated-peanuts-because-of-undeclared-cashew-nuts,10/11/2017
Various Snacking Pockets - due to undeclared nuts and sulphites.,Recalled,Possible adverse effects to allergy sufferers.,https://www.food.gov.uk/news-updates/news/2017/16687/lidl-recalls-alesto-snacking-pockets-range-due-to-undeclared-nuts-and-sulphites,10/11/2017
Seed and Grain Sliced Pan - due to undeclared soya (NI only).,Recalled,Possible adverse effects to allergy sufferers.,https://www.food.gov.uk/northern-ireland/news-updates/news/2017/16700/lidl-recalls-connell-bakery-undeclared-soya,16/11/2017
Carrot Cake and Chocolate Fudge Cake- due to undeclared allergens.,Recalled,Possible adverse effects to allergy sufferers.,https://www.food.gov.uk/news-updates/news/2017/16720/cuisine-solutions-recalls-cakes-undeclared-allergens,21/11/2017
Decor Kit - due to allergens not being clearly labelled.,Recalled,Possible adverse effects to allergy sufferers.,https://www.food.gov.uk/news-updates/news/2017/16726/dr-oetker-recalls-its-decor-kit-because-of-allergens-not-being-clearly-labelled,22/11/2017
Heera Punjabi Wadi - due to undeclared gluten and soya,Recalled,Possible adverse effects to allergy sufferers.,https://www.food.gov.uk/news-updates/news/2017/16583/p-b-food-ltd-recalls-heera-punjabi-wadi-because-of-undeclared-gluten-and-soya,22/11/2017
Shortcrust Chicken Pies - due to undeclared mustard,Recalled,Possible adverse effects to allergy sufferers.,https://www.food.gov.uk/news-updates/news/2017/16728/birds-eye-recalls-shortcrust-chicken-pies-undeclared-mustard,22/11/2017
Vitamin and Mineral Enriched Meal in a Drink - due to undeclared allergens,Recalled,Possible adverse effects to allergy sufferers.,https://www.food.gov.uk/news-updates/news/2017/16746/nutriplan-recalls-nutriplan-vitamin-and-mineral-enriched-meal-in-a-drink-because-of-undeclared-allergens,27/11/2017
Chicken & Mushroom Pie - due to  undeclared fish and mustard,Recalled,Possible adverse effects to allergy sufferers.,https://www.food.gov.uk/news-updates/news/2017/16757/morrisons-recalls-chicken-mushroom-pie-undeclared-fish-and-mustard,29/11/2017
Vegetable Spring Rolls - due to   undeclared prawns,Recalled,Possible adverse effects to allergy sufferers.,https://www.food.gov.uk/news-updates/news/2017/16766/sainsbury-s-recalls-vegetable-spring-rolls-because-of-undeclared-prawns,01/12/2017
Protein Porridge - due to incorrect allergen labelling,Recalled,Possible adverse effects to allergy sufferers.,https://www.food.gov.uk/news-updates/news/2017/16768/fundamental-supplies-ltd-recalls-hench-fuel-protein-porridge-because-of-incorrect-allergen-labelling,01/12/2017
Chicken Products - due to undeclared allergens,Recalled,Possible adverse effects to allergy sufferers.,https://www.food.gov.uk/news-updates/news/2017/16786/kepak-recalls-big-al-s-chicken-products-allergens,06/12/2017
Various varieties of cakes - due to undeclared and incorrectly labelled allergens,Recalled,Possible adverse effects to allergy sufferers.,https://www.food.gov.uk/news-updates/news/2017/16793/ridiculously-rich-by-alana-recalls-cakes-due-to-allergens,08/12/2017
Ready Rolled Icing White - due to undeclared nuts (almonds),Recalled,Possible adverse effects to allergy sufferers.,https://www.food.gov.uk/news-updates/news/2017/16809/dr-oetker-recalls-its-regal-ice-ready-rolled-icing-white-because-of-undeclared-nuts-almonds,19/12/2017
Organic Buckwheat Noodles with Amaranth - due to the possible presence of gluten,Recalled,Possible adverse effects to allergy sufferers.,https://www.food.gov.uk/news-updates/news/2017/16813/fabulous-foods-uk-recalls-organic-buckwheat-noodles-with-amaranth-due-to-the-possible-presence-of-gluten,20/12/2017
Tesco recalls its Tesco?s finest chocolate cake because of undeclared nuts (walnuts),Recalled,Possible adverse effects to allergy sufferers.,https://www.food.gov.uk/news-alerts/alert/FSA-AA-01-2018,09/01/2018
New World Imports (UK) Ltd recalls Kam Yuen Crab Roe Flavour Sunflower Seeds because of undeclared peanut,Recalled,Possible adverse effects to allergy sufferers.,https://www.food.gov.uk/news-alerts/alert/FSA-AA-02-2018,17/01/2018
Morrisons recalls Eat Smart COUNTED Honey & Mustard Dressing because of undeclared egg and mustard,Recalled,Possible adverse effects to allergy sufferers.,https://www.food.gov.uk/news-alerts/alert/FSA-AA-03-2018,22/01/2018
Marks & Spencer recalls 2 Gluten Free Scotch Eggs because of undeclared gluten,Recalled,Possible adverse effects to allergy sufferers.,https://www.food.gov.uk/news-alerts/alert/FSA-AA-04-2018,25/01/2018
Wikinger UK recalls Wikinger Hot Dogs because of incorrect allergen labelling,Recalled,Possible adverse effects to allergy sufferers.,https://www.food.gov.uk/news-alerts/alert/FSA-AA-05-2018,26/01/2018
Community Foods is recalling ?Natural Days Ground Rice Flour? because of undeclared milk,Recalled,Possible adverse effects to allergy sufferers.,https://www.food.gov.uk/news-alerts/alert/FSA-AA-06-2018,26/01/2018
Boots recalls ?Delicious Pineapple and Berry Compote? because of undeclared milk,Recalled,Possible adverse effects to allergy sufferers.,https://www.food.gov.uk/news-alerts/alert/FSA-AA-07-2018,27/01/2018
Optima Consumer Health Care recalls Glucosamine Tablets and Omega Choice 3-6-9 capsules due to incorrect allergen labelling,Recalled,Possible adverse effects to allergy sufferers.,https://www.food.gov.uk/news-alerts/alert/FSA-AA-08-2018,29/01/2018
Possible Presence of Gluten in Gluten Free Amaizin Organic Corn products,Recalled,Possible adverse effects to allergy sufferers.,https://www.food.gov.uk/news-alerts/alert/FSA-AA-09-2018,02/02/2018
Avondale Foods Ltd recalls Country Kitchen Coleslaw & Potato Salad Twin-Pack because of undeclared milk,Recalled,Possible adverse effects to allergy sufferers.,https://www.food.gov.uk/news-alerts/alert/FSA-AA-10-2018,05/02/2018
Morrisons is recalling its Italian Penne Bolognese Bake 400g because of undeclared celery,Recalled,Possible adverse effects to allergy sufferers.,https://www.food.gov.uk/news-alerts/alert/FSA-AA-11-2018,15/02/2018
Laila Foods is recalling Laila Mint Sauce because of undeclared egg,Recalled,Possible adverse effects to allergy sufferers.,https://www.food.gov.uk/news-alerts/alert/FSA-AA-12-2018,16/02/2018
CO YO recalls dairy free coconut milk yogurt products because of undeclared milk,Recalled,Possible adverse effects to allergy sufferers.,https://www.food.gov.uk/news-alerts/alert/FSA-AA-13-2018,20/02/2018
Excessive levels of gluten in gluten free Trafo tortilla chips,Recalled,Possible adverse effects to allergy sufferers.,https://www.food.gov.uk/news-alerts/alert/FSA-AA-14-2018,21/02/2018
Lidl recalls Favorina Dip Eggs as allergenic ingredients are not declared in English,Recalled,Possible adverse effects to allergy sufferers.,https://www.food.gov.uk/news-alerts/alert/FSA-AA-15-2018,23/02/2018
DSAM Consulting S.A. is recalling its Hellenic Grocery Handmade Loukoumi 200g because of undeclared pistachio,Recalled,Possible adverse effects to allergy sufferers.,https://www.food.gov.uk/news-alerts/alert/FSA-AA-16-2018,26/02/2018
Lidl Ireland recalls Grafschafter Garlic Baguettes and Herb Baguettes as allergenic ingredients are not declared in English,Recalled,Possible adverse effects to allergy sufferers.,https://www.food.gov.uk/news-alerts/alert/FSA-AA-17-2018,07/03/2018
The Spice Tailor Limited recalls The Spice Tailor Fiery Goan Curry because of undeclared mustard,Recalled,Possible adverse effects to allergy sufferers.,https://www.food.gov.uk/news-alerts/alert/FSA-AA-18-2018,09/03/2018
Ultralife recalls various Detox Drinks and Food Supplements due to undeclared allergens,Recalled,Possible adverse effects to allergy sufferers.,https://www.food.gov.uk/news-alerts/alert/FSA-AA-19-2018,15/03/2018
C&K Meats recalls sausage products because of undeclared sulphur dioxide,Recalled,Possible adverse effects to allergy sufferers.,https://www.food.gov.uk/news-alerts/alert/FSA-AA-20-2018,16/03/2018
Confectionery World recalls Turkish Delight ? Rose and Lemon Flavours because of undeclared nuts,Recalled,Possible adverse effects to allergy sufferers.,https://www.food.gov.uk/news-alerts/alert/FSA-AA-21-2018,21/03/2018
Mr. Dips recalls Mr. Dips Taramasalata because of undeclared soya,Recalled,Possible adverse effects to allergy sufferers.,https://www.food.gov.uk/news-alerts/alert/FSA-AA-22-2018,22/03/2018
SA Wholesale recalls Robertsons Rajah Curry Powder because of celery and mustard,Recalled,Possible adverse effects to allergy sufferers.,https://www.food.gov.uk/news-alerts/alert/FSA-AA-23-2018,23/03/2018
Co-op recalls Breaded Cod Fillets due to undeclared allergens,Recalled,Possible adverse effects to allergy sufferers.,https://www.food.gov.uk/news-alerts/alert/FSA-AA-24-2018,26/03/2018
Interlink Direct Ltd is recalling CEBU Dried Mangoes because of undeclared sulphur dioxide and/or sulphites,Recalled,Possible adverse effects to allergy sufferers.,https://www.food.gov.uk/news-alerts/alert/FSA-AA-25-2018,27/03/2018
Lidl Ireland recalls Deluxe Wild Salmon as allergenic ingredients are not declared in English,Recalled,Possible adverse effects to allergy sufferers.,https://www.food.gov.uk/news-alerts/alert/FSA-AA-26-2018,28/03/2018
Aunt Bessie?s recalls Aunt Bessie?s Croquettes because of undeclared egg,Recalled,Possible adverse effects to allergy sufferers.,https://www.food.gov.uk/news-alerts/alert/FSA-AA-27-2018,29/03/2018
Interlink Direct Ltd recalls its CG Classic Coconut Candy because of undeclared milk,Recalled,Possible adverse effects to allergy sufferers.,https://www.food.gov.uk/news-alerts/alert/FSA-AA-28-2018,04/04/2018
Maxela Ltd recalls Rolnik Beer Mustard because it contains undeclared sulphur dioxide,Recalled,Possible adverse effects to allergy sufferers.,https://www.food.gov.uk/news-alerts/alert/FSA-AA-29-2018,05/04/2018
Nevis Bakery recalls Empire Biscuits because of undeclared egg,Recalled,Possible adverse effects to allergy sufferers.,https://www.food.gov.uk/news-alerts/alert/FSA-AA-30-2018,05/04/2018
Sara International Ltd recalls Sara Tahina because of undeclared sesame,Recalled,Possible adverse effects to allergy sufferers.,https://www.food.gov.uk/news-alerts/alert/FSA-AA-31-2018,10/04/2018
Halo Top recalls Mint Chip Ice Cream and Chocolate Chip Cookie Dough Ice Cream because of undeclared soya,Recalled,Possible adverse effects to allergy sufferers.,https://www.food.gov.uk/news-alerts/alert/FSA-AA-32-2018,11/04/2018
Innovative Bites and American Fizz recall Peanut Butter Cookie Dough Bites due to undeclared and incorrect labelling of allergens,Recalled,Possible adverse effects to allergy sufferers.,https://www.food.gov.uk/news-alerts/alert/FSA-AA-33-2018,13/04/2018
Rude Health Foods Ltd recalls a batch of Rude Health Cacao & Vanilla Granola due to allergen ingredient not declared in English,Recalled,Possible adverse effects to allergy sufferers.,https://www.food.gov.uk/news-alerts/alert/FSA-AA-34-2018,19/04/2018
Windmill Organics Ltd recalls Biona Organic Spelt Lasagne Sheets because of undeclared wheat,Recalled,Possible adverse effects to allergy sufferers.,https://www.food.gov.uk/news-alerts/alert/FSA-AA-36-2018,25/04/2018
Unisnacks recalls Lotte Choco Pie due to undeclared almonds,Recalled,Possible adverse effects to allergy sufferers.,https://www.food.gov.uk/news-alerts/alert/FSA-AA-35-2018,24/04/2018
Tesco recalls Hearty Food Company Cottage Pie and Hearty Food Company Sausage and Mash due to undeclared milk,Recalled,Possible adverse effects to allergy sufferers.,https://www.food.gov.uk/news-alerts/alert/FSA-AA-37-2018,26/04/2018
Runwick Roastery Ltd recalls Cupsmith Truly Magnificent White Hot Chocolate due to undeclared milk,Recalled,Possible adverse effects to allergy sufferers.,https://www.food.gov.uk/news-alerts/alert/FSA-AA-38-2018,27/04/2018
BOL Foods recalls BOL Caribbean Jerk Curry because of milk and barley,Recalled,Possible adverse effects to allergy sufferers.,https://www.food.gov.uk/news-alerts/alert/fsa-aa-39-2018,01/05/2018
Mary Berry???s Salad Dressing recalled due to undeclared egg,Recalled,Possible adverse effects to allergy sufferers.,https://www.food.gov.uk/news-alerts/alert/fsa-aa-40-2018,09/05/2018
Remeo Gelato recalls Stracciatella Di Bergamo Gelato because of undeclared nuts,Recalled,Possible adverse effects to allergy sufferers.,https://www.food.gov.uk/news-alerts/alert/fsa-aa-41-2018,09/05/2018
Yorkshire Game 17 recalls Wild Venison Burgers because of incorrect allergen labelling,Recalled,Possible adverse effects to allergy sufferers.,https://www.food.gov.uk/news-alerts/alert/fsa-aa-42-2018,11/05/2018
Lidl Ireland recalls Filled Potato Croquettes as milk is not declared in English,Recalled,Possible adverse effects to allergy sufferers.,https://www.food.gov.uk/news-alerts/alert/fsa-aa-43-2018,16/05/2018
Naturya recalls Organic Chlorella Powder due to undeclared sulphites,Recalled,Possible adverse effects to allergy sufferers.,https://www.food.gov.uk/news-alerts/alert/fsa-aa-44-2018,17/05/2018
Supernutrients recalls Organic Chlorella Powder due to undeclared sulphites,Recalled,Possible adverse effects to allergy sufferers.,https://www.food.gov.uk/news-alerts/alert/fsa-aa-45-2018,17/05/2018
Lidl Ireland recalls Duc de Coeur Macarons as allergens are not declared in English,Recalled,Possible adverse effects to allergy sufferers.,https://www.food.gov.uk/news-alerts/alert/fsa-aa-46-2018,07/06/2018
Moon Sweets Couture UK Ltd recalls Fizz Wizz Fruit Chews due to undeclared sulphites,Recalled,Possible adverse effects to allergy sufferers.,https://www.food.gov.uk/news-alerts/alert/fsa-aa-47-2018,14/06/2018
Sainsbury???s recalls its Fruit and Honey Seed Mix due to undeclared nuts,Recalled,Possible adverse effects to allergy sufferers.,https://www.food.gov.uk/news-alerts/alert/fsa-aa-48-2018,18/06/2018
Mondelez International recalls Ritz Chipster due to undeclared wheat,Recalled,Possible adverse effects to allergy sufferers.,https://www.food.gov.uk/news-alerts/alert/fsa-aa-49-2018,18/06/2018
Marks & Spencer recalls M&S Louisiana BBQ Chicken Flatties because of undeclared milk,Recalled,Possible adverse effects to allergy sufferers.,https://www.food.gov.uk/news-alerts/alert/fsa-aa-50-2018,26/06/2018
Mullaghmore Bakery recalls various scone products because they contain egg which is not declared on the labels,Recalled,Possible adverse effects to allergy sufferers.,https://www.food.gov.uk/news-alerts/alert/fsa-aa-51-2018,29/06/2018
Nutrisport Ltd recalls various Nutrisport and Atlas protein products because of undeclared milk,Recalled,This product contains milk making it a possible health risk for anyone with an allergy or intolerance to milk or milk constituents.,https://www.food.gov.uk/news-alerts/alert/fsa-aa-52-2018,23/07/2018
Quorn recalls a batch of its 2 Gluten Free Burgers packs because of undeclared gluten,Recalled,This product contains gluten making it a possible health risk for anyone with an allergy or intolerance to gluten.,https://www.food.gov.uk/news-alerts/alert/fsa-aa-53-2018,26/07/2018
Bradbury & Son (Buxton) recalls Lo-Col because milk is not emphasised on the labelling,Recalled,This product contains milk making it a possible health risk for anyone with an allergy or intolerance to milk or milk constituents,https://www.food.gov.uk/news-alerts/alert/fsa-aa-54-2018,26/07/2018
Asco Foods Ltd recalls Dee Thai Crispy Rolls ? Durian Flavour due to undeclared sesame,Recalled,This product contains sesame making it a possible health risk for anyone with an allergy to sesame.,https://www.food.gov.uk/news-alerts/alert/fsa-aa-55-2018,27/07/2018
Sainsbury?s recalls ?by Sainsbury?s Coconut & Yogurt filled Breakfast Biscuits? and ?by Sainsbury?s Cocoa filled Breakfast Biscuits? due to undeclared sesame,Recalled,These products contain sesame making them a possible health risk for anyone with an allergy to sesame.,https://www.food.gov.uk/news-alerts/alert/fsa-aa-56-2018,27/07/2018
(Updated) Bradbury & Son (Buxton) recalls Lo-Col because milk is not emphasised on the labelling,Recalled,This product contains milk making it a possible health risk for anyone with an allergy or intolerance to milk or milk constituents,https://www.food.gov.uk/news-alerts/alert/fsa-aa-54-2018-update-1,28/07/2018
Co-op recalls its Hoisin Chicken Noodle Box due to undeclared milk,Recalled,These products contain milk making them a possible health risk for anyone with an allergy or intolerance to milk or milk constituents.,https://www.food.gov.uk/news-alerts/alert/fsa-aa-57-2018,28/07/2018
Lidl Ireland recalls McEnnedy Peanut Flavoured Supersize Flips as allergens are not declared in English,Recalled,This product contains peanuts and may contain traces of nuts and gluten making it a possible health risk for anyone with an allergy to peanuts and/or nuts and/or an allergy or intolerance to gluten,https://www.food.gov.uk/news-alerts/alert/fsa-aa-58-2018,30/07/2018
Star Distribution (UK) Ltd recalls its Cake Zone Muffins 4 pack Chunky Cherry and Double Chocolate Flavour because of incorrect allergen labelling,Recalled,"This product contains egg, milk and wheat (gluten) making it a possible health risk for anyone with an allergy or intolerance to wheat or gluten, egg and/or milk or milk constituents.",https://www.food.gov.uk/news-alerts/alert/fsa-aa-59-2018,08/08/2018
E H Booths recalls sandwiches due to incorrect allergen labelling,Recalled,This product contains rye and oats making it a possible health risk for anyone with an allergy to rye or oats.,https://www.food.gov.uk/news-alerts/alert/fsa-aa-60-2018,10/08/2018
Clayton Park Bakery recalls various bakery products because they contain barley,Recalled,The products contain barley making them a possible health risk for anyone with an allergy or intolerance to barley or gluten.,https://www.food.gov.uk/news-alerts/alert/fsa-aa-61-2018,22/08/2018
James Hall & Co recalls take-away sandwich rolls because they contain barley,Recalled,The products contain barley making them a possible health risk for anyone with an allergy or intolerance to barley or gluten.,https://www.food.gov.uk/news-alerts/alert/fsa-aa-62-2018,23/08/2018
Clayton Park Bakery recalls various bakery products because they contain barley,Recalled,The products contain barley making them a possible health risk for anyone with an allergy or intolerance to barley or gluten.,https://www.food.gov.uk/news-alerts/alert/fsa-aa-61-2018-update-1,23/08/2018
Lidl Ireland recalls Harvest Basket Potato Croquettes as allergens are not written in English,Recalled,"This product contains wheat (gluten) and egg making it a possible health risk for anyone with an allergy or intolerance to egg, wheat or gluten.",https://www.food.gov.uk/news-alerts/alert/fsa-aa-63-2018,31/08/2018
Crosse & Blackwell recalls its Green Vegetable & Kale Soup due to undeclared milk,Recalled,This product contains milk making it a possible health risk for anyone with an allergy or intolerance to milk or milk constituents.,https://www.food.gov.uk/news-alerts/alert/fsa-aa-64-2018,31/08/2018
Fazila Foods Limited recalls two types of kebab rolls because of undeclared allergens,Recalled,"These products contain milk and sulphites, making them a possible health risk for anyone with an allergy or intolerance to milk or milk constituents, and/or a sensitivity to sulphur dioxide and/or sulphites.",https://www.food.gov.uk/news-alerts/alert/fsa-aa-65-2018,07/09/2018
Sainsbury?s recalls in store bakery all butter croissant due to undeclared almonds,Recalled,This product contains nuts making it a possible health risk for anyone with an allergy to nuts.,https://www.food.gov.uk/news-alerts/alert/fsa-aa-66-2018,25/09/2018
Creme d?Or recalls assorted chocolates because they contain undeclared natural pistachio flavouring,Recalled,These products may contain pistachio making them a possible health risk for anyone with an allergy to nuts (pistachios).,https://www.food.gov.uk/news-alerts/alert/fsa-aa-67-2018,28/09/2018
N J Marketing Ltd recalls Lemon Bonbons because of undeclared allergens,Recalled,This product contains soya & milk making it a possible health risk for anyone with an allergy to soya and an allergy or intolerance to milk or milk constituents.,https://www.food.gov.uk/news-alerts/alert/fsa-aa-68-2018,28/09/2018
The National Trust recalls biscuits due to a labelling error,Recalled,Peanuts and or tree nuts. These products may contain nuts making them a possible health risk for anyone with an allergy to peanuts and/or tree nuts.,https://www.food.gov.uk/news-alerts/alert/fsa-aa-69-2018,05/10/2018
Farmhouse Biscuits Ltd recalls its Honey & Oat Biscuits due to undeclared wheat,Recalled,Wheat (gluten). This product contains wheat making it a possible health risk for anyone with an allergy or intolerance to wheat or gluten,https://www.food.gov.uk/news-alerts/alert/fsa-aa-70-2018,09/10/2018
Southern Synergy recalls Arnott?s Shapes Originals varieties due to undeclared allergens,Recalled,Celery and/or Mustard. These products contain celery and/or mustard making them a possible health risk for anyone with an allergy to celery and/or mustard.,https://www.food.gov.uk/news-alerts/alert/fsa-aa-72-2018,09/10/2018
Booths Chicken Tikka Masala with Pilau Rice Pot recalled because of undeclared cashew nuts,Recalled,Nuts (cashew nuts). This product contains cashew nuts making it a possible health risk for anyone with an allergy to nuts.,https://www.food.gov.uk/news-alerts/alert/fsa-aa-71-2018,09/10/2018
Azka Impex recalls PRAN Muri Moa because milk is not correctly mentioned on the label,Recalled,Milk. This product contains milk making it a possible health risk for anyone with an allergy or intolerance to milk or milk constituents.,https://www.food.gov.uk/news-alerts/alert/fsa-aa-73-2018,12/10/2018
Booths Honey & Spelt Bread recalled because of undeclared soya,Recalled,Soya. This product contains soya making it a possible health risk for anyone with an allergy to soya.,https://www.food.gov.uk/news-alerts/alert/fsa-aa-74-2018,12/10/2018
Booths Honey & Spelt Bread recalled because of undeclared allergens,Recalled,"Barley (gluten), lupin and sesame.. This product contains barley (gluten), lupin and sesame making it a possible health risk for anyone with an allergy or intolerance to lupin and/or sesame and/or an allergy or intolerance to barley (gluten).",https://www.food.gov.uk/news-alerts/alert/fsa-aa-74-2018-update-1,13/10/2018
Milegate Ltd recalls Noury Individually Quick Frozen Prawns because of incorrect allergen labelling,Recalled,"Crustaceans, sulphites. This product contains crustaceans and sulphites making it a possible health risk for anyone with an allergy to crustaceans and/or a sensitivity to sulphur dioxide and/or sulphites.",https://www.food.gov.uk/news-alerts/alert/fsa-aa-75-2018,13/10/2018
Southern Synergy extends its recall of Arnott?s products due to undeclared allergens,Recalled,Celery and Mustard. These products contain celery and/or mustard making them a possible health risk for anyone with an allergy to celery and/or mustard.,https://www.food.gov.uk/news-alerts/alert/fsa-aa-72-2018-update-1,15/10/2018
John & Pascalis recalls Four Seasons Sesame Tahini because of undeclared peanuts,Recalled,"Peanuts. These products contain peanuts, making them a possible health risk for anyone with an allergy to peanuts.",https://www.food.gov.uk/news-alerts/alert/fsa-aa-76-2018,16/10/2018
ASDA recalls ASDA Frozen Smooth Mashed Potato because of undeclared gluten,Recalled,Wheat (gluten). This product contains wheat (gluten) making it a possible health risk for anyone with an allergy or intolerance to wheat or gluten.,https://www.food.gov.uk/news-alerts/alert/fsa-aa-77-2018,22/10/2018
Waitrose recalls its Normandy Pork Casserole because of undeclared milk,Recalled,Milk. . This product contains milk making it a possible health risk for anyone with an allergy or intolerance to milk or milk constituents.,https://www.food.gov.uk/news-alerts/alert/fsa-aa-78-2018,23/10/2018
Espresso Warehouse recalls two Wooden Spoon products due to incorrect allergen labelling,Recalled,"Risk: Soya, Milk and/or Wheat (gluten). . The products listed above contain soya, milk or wheat (gluten) making them a possible health risk for anyone with an allergy or intolerance to milk or milk constituents or wheat (gluten) or an allergy to soya.",https://www.food.gov.uk/news-alerts/alert/fsa-aa-79-2018,24/10/2018
The Grocer Ltd recalls its Spinach & Broccoli Soup due to undeclared milk,Recalled,Milk. This product contains milk making it a possible health risk for anyone with an allergy or intolerance to milk or milk constituents.,https://www.food.gov.uk/news-alerts/alert/fsa-aa-80-2018,25/10/2018
Greco Brothers Ltd recalls Greco Brothers 20 Choc Wafers because of incorrect allergen labelling,Recalled,Milk. This product contains milk making it a possible health risk for anyone with an allergy or intolerance to milk or milk constituents,https://www.food.gov.uk/news-alerts/alert/fsa-aa-81-2018,29/10/2018
Waitrose recalls Waitrose Sweet Potato Fries because of undeclared allergens,Recalled,"Wheat (gluten) and Soya. This product may contain wheat (gluten) and soya making it a possible health risk for anyone with an allergy or intolerance to wheat or gluten, and/or with an allergy to soya.",https://www.food.gov.uk/news-alerts/alert/fsa-aa-82-2018,31/10/2018
Tesco recalls Tesco Pea and Spinach Dip and Tesco Roasted Carrot and Chickpea Dip because of undeclared milk,Recalled,Milk. . These products contain milk making it a possible health risk for anyone with an allergy or intolerance to milk or milk constituents.,https://www.food.gov.uk/news-alerts/alert/fsa-aa-83-2018,01/11/2018
Spartan Protein recalls various products due to incorrect allergen labelling,Recalled,"Milk, Wheat (gluten) and/or Peanuts. . The products listed above contain milk (all products) and peanuts and wheat (gluten) (Peanut Butter & Cacao Flapjack & Peanut Butter & Honey Flapjack) making them a possible health risk for anyone with an allergy or intolerance to milk or milk constituents or wheat (gluten), or an allergy to peanuts.",https://www.food.gov.uk/news-alerts/alert/fsa-aa-84-2018,02/11/2018
Waitrose recalls Waitrose Aromatic Green & White Chickpea and Bean Salad because of undeclared allergens,Recalled,"Wheat and Barley (gluten), Nuts, mustard, and soya.. This product contains wheat and barley (gluten), nuts, mustard and soya, making it a possible health risk for anyone with an allergy or intolerance to wheat and barley (gluten), and/or an allergy to nuts, mustard, and soya.",https://www.food.gov.uk/news-alerts/alert/fsa-aa-85-2018,03/11/2018
Candyco recalls various Monarch Confectionary products because of incorrect allergen labelling,Recalled,Milk. The products contain milk making it a possible health risk for anyone with an allergy or intolerance to milk or milk constituents.,https://www.food.gov.uk/news-alerts/alert/fsa-aa-86-2018,03/11/2018
Cully and Sully recalls its Smoked Haddock and Salmon Chowder due to undeclared molluscs,Recalled,Molluscs. This product contains molluscs making it a possible health risk for anyone with an allergy to molluscs.,https://www.food.gov.uk/news-alerts/alert/fsa-aa-87-2018,07/11/2018
SlimFast recalls Advanced Vitality Strawberry + Blueberry Burst Meal Replacement Powder Shake Vegan due to undeclared milk,Recalled,Milk. This product contains milk making it a possible health risk for anyone with an allergy or intolerance to milk or milk constituents.,https://www.food.gov.uk/news-alerts/alert/fsa-aa-88-2018,09/11/2018
Gardiners of Scotland recalls Gardiners Scottish Macaroon Bars due to undeclared soya,Recalled,Soya. This product contains soya making it a possible health risk for anyone with an allergy to soya.,https://www.food.gov.uk/news-alerts/alert/fsa-aa-89-2018,14/11/2018
Walkers recalls Sensations Thai Sweet Chilli Flavour Potato Crisps because of incorrect allergen labelling,Recalled,Wheat (gluten). The products contain wheat making them a possible health risk for anyone with an allergy or intolerance to wheat or gluten.,https://www.food.gov.uk/news-alerts/alert/fsa-aa-90-2018,14/11/2018
Clive?s recalls Bombay Vegetables with Daal Tarts because of undeclared allergens,Recalled,"Mustard, sesame. This product contains mustard and sesame making it a possible health risk for anyone with an allergy to mustard and/or sesame.",https://www.food.gov.uk/news-alerts/alert/fsa-aa-91-2018,15/11/2018
Nisa recalls Heritage Dark Chocolate because of undeclared milk,Recalled,Milk. This product contains milk making it a possible health risk for anyone with an allergy or intolerance to milk or milk constituents.,https://www.food.gov.uk/news-alerts/alert/fsa-aa-92-2018,16/11/2018
Hon Shen Ltd recalls Nissin Foods Holdings Spicy Beef Flavour Cup Noodles because of incorrect allergen labelling,Recalled,"The product contains egg, wheat (gluten), milk or soya making it a possible health risk for anyone with an allergy or intolerance to egg and/or wheat (gluten), and/or allergy or intolerance to milk or milk constituents, and/or an allergy to soya.",https://www.food.gov.uk/news-alerts/alert/fsa-aa-93-2018,21/11/2018
English Cheesecake Company recalls Treacle Tart Cheesecake slices because of undeclared soya,Recalled,Soya. This product contains soya making it a possible health risk for anyone with an allergy to soya.,https://www.food.gov.uk/news-alerts/alert/fsa-aa-94-2018,22/11/2018
Centra recalls Inspired by Centra Chocolate Covered Raisins because of undeclared peanuts,Recalled,"Peanuts. This product may contain peanuts, making it a possible health risk for anyone with an allergy to peanuts.",https://www.food.gov.uk/news-alerts/alert/fsa-aa-95-2018,23/11/2018
Poundstretcher recalls Aldiva Waffo Roll Cappuccino Cream because of undeclared allergens,Recalled,"Egg, wheat (gluten), hazelnuts, peanuts, sesame, soya, and milk.. This product contains egg, wheat (gluten), hazelnuts, peanuts, sesame, soya and milk making it a possible health risk for anyone with an allergy to hazelnuts, peanuts, sesame, soya and/or an allergy or intolerance to egg and/or wheat (gluten) and/or milk or milk constituents.",https://www.food.gov.uk/news-alerts/alert/fsa-aa-96-2018,28/11/2018
Poundstretcher recalls Aldiva Mosaik Cake Break because of undeclared allergens,Recalled,"Egg and wheat (gluten), and may contain hazelnuts, milk, peanuts, sesame and sulphite.. This product contains egg and wheat (gluten), and may contain hazelnuts, milk peanuts, sesame and sulphite making it a possible health risk for anyone with an allergy to hazelnuts, peanuts, and/or an allergy or intolerance to egg and/or wheat (gluten), and/or an allergy or intolerance to milk or milk constituents, and/or a sensitivity to sulphur dioxide and/or sulphites.",https://www.food.gov.uk/news-alerts/alert/fsa-aa-97-2018,28/11/2018
Nestle recalls La Laiti?re Clafoutis Aux Cerises because of undeclared allergens,Recalled,"Milk, egg and wheat (gluten), and may contain nuts. The product is a possible health risk for anyone with an allergy to nuts and/or an allergy or intolerance to egg and/or wheat (gluten), and/or an allergy or intolerance to milk or milk constituents.",https://www.food.gov.uk/news-alerts/alert/fsa-aa-98-2018,28/11/2018
"English Heritage recalls Cherry Brandy, Ginger Liqueur, Elderberry & Port and Scrumpy Cider because of undeclared sulphites",Recalled,Sulphites. These products contain sulphites making them a possible health risk for anyone with a sensitivity to sulphur dioxide and/or sulphites.,https://www.food.gov.uk/news-alerts/alert/fsa-aa-99-2018,30/11/2018
Sainsbury?s recalls Taste the Difference 10 Thai Turkey Meatballs due to undeclared milk,Recalled,"Milk. This product contains milk, making it a possible health risk for anyone with an allergy or intolerance to milk or milk constituents.",https://www.food.gov.uk/news-alerts/alert/fsa-aa-100-2018,07/12/2018
Poundstretcher recalls Hazelnut Cream Truffles Crisp Wafer Ball because of undeclared allergens,Recalled,"Whey (Milk) and peanuts.. . This product contains whey (milk) and may contain peanuts, making it a possible health risk for anyone with an allergy or intolerance to milk or milk constituents and/or an allergy to peanuts.",https://www.food.gov.uk/news-alerts/alert/fsa-aa-101-2018,12/12/2018
P & B (Foods) recalls Heera Ground Almonds because they contain undeclared peanuts,Recalled,Peanuts. This product contains peanuts making it a possible health risk for anyone with an allergy to peanuts.,https://www.food.gov.uk/news-alerts/alert/fsa-aa-102-2018,13/12/2018
E H Booths recalls two salad products because of undeclared allergens,Recalled,"Mustard, soya, wheat (gluten). The above products contain mustard or soya and wheat (gluten) making them a possible health risk for anyone with an allergy to mustard or soya, or an allergy or intolerance to wheat or gluten.",https://www.food.gov.uk/news-alerts/alert/fsa-aa-103-2018,13/12/2018
P & B (Foods) extends recall of Heera Ground Almonds because they may contain undeclared peanuts,Recalled,Peanuts. This product contains peanuts making it a possible health risk for anyone with an allergy to peanuts.,https://www.food.gov.uk/news-alerts/alert/fsa-aa-102-2018-update-1,14/12/2018
Waitrose recalls Morello Cherry and Almond Tart due to undeclared pistachio (nuts),Recalled,Pistachio (nuts). This product contains pistachio (nuts) making it a possible health risk for anyone with an allergy to pistachio (nuts).,https://www.food.gov.uk/news-alerts/alert/fsa-aa-104-2018,24/12/2018
