Description,Lowest ten percent,Second decile group,Third decile group,Fourth decile group,Fifth decile group,Sixth decile group,Seventh decile group,Eighth decile group,Ninth decile group,Highest ten percent,All households,FinacialYearStart
Lower boundary of group (£ per week)   ,NA,189,274,355,443,536,637,773,937,1215,NA,2014
Weighted number of households (thousands)   ,2680,2670,2680,2680,2670,2680,2680,2670,2680,2680,26760,2014
Total number of households in sample   ,500,510,540,550,540,520,520,510,500,480,5170,2014
Total number of persons in sample   ,660,810,1030,1200,1320,1280,1390,1430,1500,1550,12160,2014
Total number of adults in sample   ,570,670,830,930,1000,1000,1060,1110,1160,1180,9510,2014
Weighted average number of persons per household   ,1.3,1.6,1.9,2.2,2.5,2.5,2.7,2.8,3,3.3,2.4,2014
1 Food and non-alcoholic drinks  ,31.3,36.5,45.6,50.8,57.5,59.9,63.4,70,76.4,91.2,58.3,2014
1.1 Food  ,28.7,33.7,42,46.7,52.7,55,58,64.2,70.2,83.9,53.5,2014
" 1.1.1 Bread, rice and cereals ",2.9,3.4,4.3,4.6,5.4,5.4,5.9,6.5,7.2,8.3,5.4,2014
 1.1.2 Pasta products ,0.2,0.2,0.3,0.3,0.4,0.4,0.4,0.6,0.6,0.6,0.4,2014
" 1.1.3 Buns, cakes, biscuits etc ",2,2.5,3.2,3.4,3.5,4.1,3.9,4.2,4.5,5.1,3.6,2014
 1.1.4 Pastry (savoury) ,0.4,0.4,0.7,0.7,0.8,0.9,1,1,1.1,1.2,0.8,2014
" 1.1.5 Beef (fresh, chilled or frozen) ",0.9,1.2,1.4,1.5,2,1.9,2.3,2.5,2.8,3.5,2,2014
" 1.1.6 Pork (fresh, chilled or frozen) ",0.4,0.5,0.6,0.5,0.7,0.7,0.6,0.9,0.9,1,0.7,2014
" 1.1.7 Lamb (fresh, chilled or frozen) ",0.4,0.4,0.5,0.5,0.7,0.6,0.7,0.7,0.8,1.1,0.6,2014
" 1.1.8 Poultry (fresh, chilled or frozen) ",1.2,1.1,1.7,1.9,2.4,2.1,2.8,3.1,3.4,4.3,2.4,2014
 1.1.9 Bacon and ham ,0.6,0.7,0.8,0.9,1,0.9,1,1.1,1.3,1.5,1,2014
 1.1.10 Other meat and meat preparations ,3.5,4.6,5,5.5,6.3,6.4,7,7,7.8,8.9,6.2,2014
 1.1.11 Fish and fish products ,1.2,1.6,2,2.5,2.5,3,2.9,3.1,3.5,4.8,2.7,2014
 1.1.12 Milk ,1.5,1.8,1.9,2.3,2.4,2.4,2.5,2.6,2.5,2.7,2.3,2014
 1.1.13 Cheese and curd ,1,1,1.4,1.6,2,1.9,2,2.4,2.5,3.3,1.9,2014
 1.1.14 Eggs ,0.5,0.5,0.6,0.6,0.7,0.7,0.7,0.9,0.9,1,0.7,2014
 1.1.15 Other milk products ,1,1.3,1.6,1.8,2,2.2,2.4,2.6,2.6,3.3,2.1,2014
 1.1.16 Butter ,0.3,0.3,0.5,0.4,0.5,0.5,0.5,0.5,0.6,0.7,0.5,2014
" 1.1.17 Margarine, other vegetable fats and peanut butter ",0.3,0.4,0.4,0.5,0.6,0.5,0.5,0.6,0.5,0.6,0.5,2014
 1.1.18 Cooking oils and fats ,0.2,0.2,0.3,0.3,0.2,0.2,0.3,0.3,0.4,0.6,0.3,2014
 1.1.19 Fresh fruit ,1.8,2.2,2.6,3.1,3.3,3.4,3.6,4.4,4.7,5.9,3.5,2014
" 1.1.20 Other fresh, chilled or frozen fruits ",0.2,0.2,0.2,0.4,0.4,0.4,0.4,0.5,0.6,0.7,0.4,2014
 1.1.21 Dried fruit and nuts ,0.3,0.3,0.5,0.6,0.6,0.8,0.8,1,1.1,1.3,0.7,2014
 1.1.22 Preserved fruit and fruit based products ,0.1,0.1,0.2,0.1,0.1,0.1,0.1,0.2,0.2,0.2,0.1,2014
 1.1.23 Fresh vegetables ,2.2,2.3,3,3.5,3.7,4.1,4.1,4.9,6.3,7.6,4.2,2014
 1.1.24 Dried vegetables ,0,0,0,0,0,0,0.1,0,0,0,0,2014
 1.1.25 Other preserved or processed vegetables ,0.7,0.8,1.1,1.1,1.3,1.5,1.5,1.7,2,2.5,1.4,2014
 1.1.26 Potatoes ,0.5,0.6,0.7,0.8,0.9,0.9,0.8,1,1.1,1.2,0.9,2014
 1.1.27 Other tubers and products of tuber vegetables ,0.9,1,1.3,1.4,1.6,1.7,2,1.8,2.1,2.2,1.6,2014
 1.1.28 Sugar and sugar products ,0.3,0.3,0.4,0.3,0.4,0.4,0.4,0.5,0.4,0.6,0.4,2014
" 1.1.29 Jams, marmalades ",0.1,0.2,0.2,0.3,0.3,0.4,0.3,0.3,0.3,0.4,0.3,2014
 1.1.30 Chocolate ,0.9,1.3,1.4,1.7,1.8,2.3,2.3,2.7,2.6,2.8,2,2014
 1.1.31 Confectionery products ,0.3,0.5,0.7,0.7,0.7,0.8,0.7,0.9,0.9,1,0.7,2014
 1.1.32 Edible ices and ice cream ,0.3,0.4,0.5,0.6,0.6,0.6,0.7,0.7,0.8,0.8,0.6,2014
 1.1.33 Other food products ,1.4,1.4,1.8,2.2,2.4,2.7,2.8,3.3,3.3,4.1,2.5,2014
1.2 Non-alcoholic drinks  ,2.6,2.8,3.6,4,4.8,4.9,5.3,5.8,6.2,7.3,4.7,2014
 1.2.1 Coffee ,0.4,0.5,0.6,0.8,0.9,0.9,0.8,1,0.9,1.2,0.8,2014
 1.2.2 Tea ,0.4,0.4,0.4,0.4,0.5,0.4,0.5,0.6,0.6,0.6,0.5,2014
 1.2.3 Cocoa and powdered chocolate ,0,0.1,0.1,0.1,0.1,0.1,0.1,0.1,0.1,0.1,0.1,2014
 1.2.4 Fruit and vegetable juices (inc. fruit squash) ,0.5,0.6,0.7,0.9,0.9,1,1.2,1.4,1.6,2.2,1.1,2014
 1.2.5 Mineral or spring waters ,0.2,0.2,0.2,0.3,0.3,0.3,0.4,0.4,0.5,0.5,0.3,2014
 1.2.6 Soft drinks (inc. fizzy and ready to drink fruit drinks) ,1.1,1,1.6,1.7,2,2.3,2.3,2.3,2.4,2.6,1.9,2014
"2 Alcoholic drink, tobacco and narcotics  ",6.9,7.7,7.2,11.9,10.8,13.4,13.5,14.7,13.8,19.8,12,2014
2.1 Alcoholic drinks  ,3.2,3.7,4.4,6.6,6.7,8.3,9.3,10.7,11,15.9,8,2014
 2.1.1 Spirits and liqueurs (brought home) ,1,1,1.2,1.8,1.7,2,2.1,2.4,2.1,3.1,1.9,2014
" 2.1.2 Wines, fortified wines (brought home) ",1.4,1.3,1.7,3,2.9,4.2,4.7,5.5,6.3,9.3,4,2014
" 2.1.3 Beer, lager, ciders and perry (brought home) ",0.8,1.3,1.4,1.7,2,2,2.5,2.7,2.6,3.5,2,2014
 2.1.4 Alcopops (brought home) ,NA,0,0.1,0,0.1,0,0.1,0.1,0.1,0.1,0,2014
2.2 Tobacco and narcotics  ,3.7,4.1,2.8,5.3,4.1,5.1,4.2,3.9,2.7,3.9,4,2014
 2.2.1 Cigarettes ,2.3,2.4,2.1,4.2,3.4,4,3.5,3.6,2.2,3.7,3.1,2014
" 2.2.2 Cigars, other tobacco products and narcotics ",1.4,1.7,0.8,1.1,0.7,1.1,0.7,0.4,0.6,0.2,0.9,2014
3 Clothing and footwear  ,6.7,9.2,14.3,15,22.1,21.8,26.3,30.6,38.9,51.7,23.7,2014
3.1 Clothing  ,5.6,6.8,11.7,11.8,18,16.9,21.2,24.7,31.9,41.6,19,2014
 3.1.1 Men's outer garments ,1.3,1.7,2.1,1.7,4,3.8,5.1,7,9,13.2,4.9,2014
 3.1.2 Men's under garments ,0.1,0.2,0.4,0.4,0.5,0.6,0.5,1,0.6,0.8,0.5,2014
 3.1.3 Women's outer garments ,2.7,2.8,5.6,5.6,8.2,7.2,9.5,10.7,15.1,17.4,8.5,2014
 3.1.4 Women's under garments ,0.4,0.4,0.7,1.2,0.9,1.2,1.3,1.4,1.7,1.7,1.1,2014
 3.1.5 Boys' outer garments (5-15) ,0.1,0.3,0.4,0.2,0.8,0.8,0.8,0.8,0.8,1.8,0.7,2014
 3.1.6 Girls' outer garments (5-15) ,0.1,0.5,0.8,0.9,1,0.7,1.5,0.9,1.7,1.5,1,2014
 3.1.7 Infants' outer garments (under 5) ,0.3,0.3,0.5,0.5,1,1,0.8,0.9,0.6,1.3,0.7,2014
 3.1.8 Children's under garments (under 16) ,0.1,0.2,0.3,0.4,0.5,0.5,0.4,0.5,0.6,0.8,0.4,2014
 3.1.9 Accessories ,0.3,0.3,0.7,0.5,0.8,0.7,0.9,1,1.2,1.8,0.8,2014
 3.1.10 Haberdashery and clothing hire ,0.1,0.1,0.1,0.2,0.1,0.4,0.2,0.2,0.4,0.2,0.2,2014
" 3.1.11 Dry cleaners, laundry and dyeing ",0.1,0.1,0.1,0.2,0.1,0.2,0.2,0.4,0.3,1,0.3,2014
3.2 Footwear  ,1.1,2.3,2.6,3.2,4.1,4.9,5.1,5.9,7,10.2,4.6,2014
"4 Housing (net)2, fuel and power  ",47.6,57.1,60.3,69.6,72.3,81.7,75.8,72.7,82,109.2,72.8,2014
4.1 Actual rentals for housing3  ,76.3,61.6,50,51.1,41.5,45.8,36.5,30.7,36.5,35.5,46.6,2014
 4.1.1 Gross rent ,76.3,61.6,49.9,51.1,41.5,45.8,36.4,30.7,36,35.4,46.5,2014
" 4.1.2 less housing benefit, rebates and allowances rec'd ",56.6,36.3,25.2,17.3,9,4.2,2.9,3.8,0.9,0.1,15.6,2014
 4.1.3 Net rent4 ,19.7,25.3,24.7,33.8,32.5,41.6,33.5,26.9,35.1,35.3,30.8,2014
 4.1.4 Second dwelling rent ,NA,NA,0.1,0,NA,NA,0.1,NA,0.5,0.1,0.1,2014
4.2 Maintenance and repair of dwelling  ,2.8,3.3,4.5,4.7,5.6,5.9,6.8,8.6,8.1,26.7,7.7,2014
 4.3 Water supply and miscellaneous services relating to the dwelling  ,6.7,8.3,8.1,8.3,9.2,9.3,9.2,9.4,9.1,11.4,8.9,2014
"4.4 Electricity, gas and other fuels  ",18.5,20.3,22.9,22.8,25,24.9,26.2,27.8,29.2,35.6,25.3,2014
 4.4.1 Electricity ,9.5,9.7,11.2,10.8,11.8,12,12.5,12.4,13.1,16,11.9,2014
 4.4.2 Gas ,8.4,9.3,10.5,10.6,11.9,11.5,11.9,14.1,13.6,16.2,11.8,2014
 4.4.3 Other fuels ,0.6,1.4,1.2,1.5,1.4,1.5,1.7,1.3,2.4,3.5,1.6,2014
5 Household goods and services  ,10.6,16,24.3,25.5,30,31,38,49.4,62.8,79.3,36.7,2014
" 5.1 Furniture and furnishings, carpets and other floor coverings  ",4.4,6.3,12.6,12,16.2,15.6,21.7,32,38,48.4,20.7,2014
 5.1.1 Furniture and furnishings ,3.6,5.3,10.4,9.1,13.5,13.6,18.2,28.8,32.2,39.6,17.4,2014
 5.1.2 Floor coverings ,0.8,1,2.2,2.9,2.7,2,3.5,3.2,5.7,8.8,3.3,2014
5.2 Household textiles  ,1,0.6,1.4,1.6,2,1.3,2.1,2.5,2.5,3.7,1.9,2014
5.3 Household appliances  ,1.1,3,3.1,3,3.1,4.3,3.3,3.4,6.1,5.6,3.6,2014
"5.4 Glassware, tableware and household utensils  ",0.9,0.7,1.1,1.2,1.3,1.7,1.5,2.6,2.4,3.5,1.7,2014
5.5 Tools and equipment for house and garden  ,0.7,0.7,2,2.7,2,2.5,3.6,2.8,5.1,5,2.7,2014
 5.6 Goods and services for routine household maintenance  ,2.6,4.7,4.1,4.9,5.4,5.6,5.9,6.1,8.6,13.2,6.1,2014
 5.6.1 Cleaning materials ,1.3,1.6,1.9,2,2.5,2.7,2.7,2.6,3.3,4.1,2.5,2014
 5.6.2 Household goods and hardware ,0.6,0.8,1.1,1.2,1.5,1.4,1.5,1.6,1.9,2.6,1.4,2014
"  5.6.3 Domestic services, carpet cleaning,  hire/repair of furniture/furnishings ",0.6,2.2,1.1,1.8,1.5,1.6,1.7,1.9,3.3,6.5,2.2,2014
6 Health  ,2.4,4.5,4.1,3.5,6.3,7.3,10.6,9.3,10.4,12.1,7,2014
"6.1 Medical products, appliances and equipment  ",1.7,2.9,2.4,2.7,3,5.3,3.9,5.8,6.5,7.1,4.1,2014
" 6.1.1 Medicines, prescriptions, healthcare products etc ",0.8,2.2,1.3,1.8,1.8,3.8,2.1,4.2,3.4,3.5,2.5,2014
" 6.1.2 Spectacles, lenses, accessories and repairs ",0.9,0.7,1.1,0.9,1.2,1.5,1.8,1.5,3.1,3.6,1.6,2014
6.2 Hospital services  ,0.7,1.6,1.7,0.8,3.3,2,6.7,3.5,3.9,5,2.9,2014
7 Transport  ,17.5,21.4,35.6,45.8,57.3,68.3,87.1,103.9,124.1,172.2,73.3,2014
7.1 Purchase of vehicles  ,4.2,6.6,9.5,12.4,17.8,18.6,26.6,36,47,60.7,24,2014
 7.1.1 Purchase of new cars and vans ,0.3,2.5,2.5,2.2,6,7,7,17.3,17.7,24.8,8.7,2014
 7.1.2 Purchase of second hand cars or vans ,3.9,4.1,6.9,10,11.6,10.8,19.2,17.8,26.7,32.7,14.4,2014
 7.1.3 Purchase of motorcycles and other vehicles ,0,0,0.1,0.2,0.2,0.8,0.4,0.9,2.6,3.2,0.8,2014
7.2 Operation of personal transport  ,8.7,10.1,18.9,23,30.1,34.8,41.1,47.2,49.1,62.4,32.5,2014
 7.2.1 Spares and accessories ,0.3,0.5,1,1.5,1.8,2.3,4.6,3.1,4.5,5.9,2.5,2014
" 7.2.2 Petrol, diesel and other motor oils ",5.8,6.8,12.4,15.9,21.9,23.3,26.4,32,32.5,39.8,21.7,2014
 7.2.3 Repairs and servicing ,1.9,2.1,4.1,3.7,4.5,6,7.1,8.2,8.3,11.9,5.8,2014
 7.2.4 Other motoring costs ,0.7,0.7,1.5,1.8,1.8,3.1,3,3.9,3.8,4.8,2.5,2014
7.3 Transport services  ,4.5,4.8,7.1,10.3,9.4,14.9,19.4,20.7,28.1,49.1,16.8,2014
 7.3.1 Rail and tube fares ,1.2,0.7,1.1,1.7,1.7,3.1,4,3.8,6.9,12.8,3.7,2014
 7.3.2 Bus and coach fares ,0.5,1.1,1.3,1.4,1.4,1.7,1.9,1.8,1.7,1.6,1.5,2014
 7.3.3 Combined fares ,0.3,0.3,0,0.2,0.8,0.2,1.2,1.4,1,1.9,0.7,2014
 7.3.4 Other travel and transport ,2.5,2.7,4.7,7.1,5.4,9.9,12.3,13.7,18.5,32.8,11,2014
8 Communication  ,7.6,9.3,11.7,13,15,15.5,18,19,21.4,24.3,15.5,2014
8.1 Postal services  ,0.2,0.2,0.2,0.4,0.6,0.6,0.8,0.9,0.9,1.1,0.6,2014
8.2Telephone and telefax equipment  ,0.4,0.3,0.8,0.2,0.8,0.2,0.9,0.4,1.1,2.3,0.8,2014
8.3 Telephone and telefax services  ,5.5,6.7,8.2,9.6,10.4,11.3,13.1,14.1,15.6,16.7,11.1,2014
8.4 Internet subscription fees  ,1.4,2,2.5,2.8,3.1,3.4,3.3,3.6,3.7,4.2,3,2014
9 Recreation and culture  ,19.6,28.6,34.3,47.4,50.7,62.9,82.8,93.8,110,162.6,69.3,2014
" 9.1 Audio-visual, photographic and information processing equipment  ",1,1.4,1.8,3.2,2.8,4.6,4.9,10.1,13.1,12.7,5.6,2014
" 9.1.1 Audio equipment and accessories, CD players ",0.1,0.3,0.4,0.5,0.6,0.8,1.4,0.7,2.7,3.2,1.1,2014
" 9.1.2 TV, video and computers ",0.8,1,1.4,2.5,2.2,3.3,3.2,9.2,9.8,9.3,4.3,2014
" 9.1.3 Photographic, cine and optical equipment ",0,0.1,0,0.2,0,0.6,0.2,0.1,0.6,0.2,0.2,2014
9.2Other major durables for recreation and culture  ,0.5,0.1,1.5,0.3,1.1,1.4,4,3.3,0.9,8.3,2.1,2014
" 9.3 Other recreational items and equipment, gardens and pets  ",4.5,6.2,7,9,10.3,11.1,12.2,13.4,16.5,26.9,11.7,2014
" 9.3.1 Games, toys and hobbies ",0.5,1.1,1.4,1.9,2.4,2.7,3.3,3.4,4.4,4.6,2.6,2014
 9.3.2 Computer software and games ,0.1,0.1,0.3,0.5,1.1,0.5,1.4,1.4,1,2.6,0.9,2014
" 9.3.3 Equipment for sport, camping and open-air recreation ",0.6,0.9,0.8,0.5,1.1,0.6,0.8,1.6,1.3,4.5,1.3,2014
" 9.3.4 Horticultural goods, garden equipment and plants ",1,1.4,1.5,2.3,2.4,2.7,2.8,2.9,4.6,6,2.7,2014
 9.3.5 Pets and pet food ,2.2,2.7,3,3.7,3.4,4.7,4,4.2,5.2,9.2,4.2,2014
9.4 Recreational and cultural services  ,6.9,10.1,12.3,14.1,17,19.5,23.1,26.5,29.8,48.8,20.8,2014
"  9.4.1 Sports admissions, subscriptions, leisure class fees and equipment hire ",1.2,2.1,2,2.6,4.5,4.9,6.2,7.7,11.4,26.1,6.9,2014
" 9.4.2 Cinema, theatre and museums etc ",0.5,0.7,1.9,1.7,2.2,2.9,3.7,4.4,3.8,6.2,2.8,2014
"  9.4.3 TV, video, satellite rental, cable subscriptions and TV licences ",3.7,4,5.4,6.1,6.5,7,8.3,8.3,9.2,9.6,6.8,2014
 9.4.4 Miscellaneous entertainments ,0.2,0.3,0.7,0.5,1.2,1.9,1.5,2,1.9,3,1.3,2014
"  9.4.5 Development of film, deposit for film development, passport photos, holiday and school photos ",0,0,0.1,0.1,0.1,0.2,0.5,0.4,0.3,0.9,0.3,2014
 9.4.6 Gambling payments ,1.3,3,2.2,3,2.5,2.7,3,3.7,3.2,2.9,2.7,2014
"9.5 Newspapers, books and stationery  ",2.6,3.8,4.2,4.5,5.4,5.7,5.5,6.2,6.9,9.3,5.4,2014
 9.5.1 Books ,0.5,0.5,0.6,0.8,0.9,1.1,1.4,1.5,1.7,2.8,1.2,2014
" 9.5.2 Diaries, address books, cards etc ",0.8,0.8,1.4,1.4,1.8,2.3,2.1,2.5,2.6,3.7,1.9,2014
 9.5.3 Newspapers ,1,1.7,1.5,1.6,1.9,1.6,1.3,1.5,1.6,1.4,1.5,2014
 9.5.4 Magazines and periodicals ,0.4,0.7,0.7,0.7,0.8,0.8,0.7,0.8,1.1,1.4,0.8,2014
9.6 Package holidays  ,4,7,7.6,16.3,14.1,20.5,33.2,34.3,42.9,56.6,23.6,2014
 9.6.1 Package holidays - UK ,0.4,1,0.5,1.5,1.8,1.9,2,1.7,2.2,1.5,1.5,2014
 9.6.2 Package holidays - abroad ,3.7,6,7.1,14.8,12.3,18.6,31.2,32.6,40.6,55.1,22.2,2014
10 Education  ,1.7,0.5,1.1,1.1,4.5,3.9,5.7,13.2,9.4,49.3,9,2014
10.1 Education fees  ,1.7,0.2,0.8,0.9,4,3.4,4.4,12.9,8.3,47.3,8.4,2014
" 10.2 Payments for school trips, other ad-hoc expenditure  ",0,0.3,0.3,0.1,0.5,0.5,1.3,0.4,1,2,0.6,2014
11 Restaurants and hotels  ,12.1,16.7,21.1,26.6,34.8,38.9,48.9,59.8,64.1,102.2,42.5,2014
11.1 Catering services  ,10.7,14.4,18.4,23.4,29,31.7,40,49.9,52,79,34.9,2014
 11.1.1 Restaurant and café meals ,5.1,7.1,8.8,10.4,14.5,14.6,19.6,24.4,25.1,40.2,17,2014
 11.1.2 Alcoholic drinks (away from home) ,2.3,2.9,4,5.2,5.3,6.5,7.8,11,10.7,15.1,7.1,2014
 11.1.3 Take away meals eaten at home ,2,2.4,2.6,3.5,4,4.4,5.1,5.5,6.3,8.3,4.4,2014
 11.1.4 Other take-away and snack food ,1,1.5,2.3,3.3,3.4,4.3,5.5,6.3,6.9,9.9,4.4,2014
 11.1.5 Contract catering (food) and canteens ,0.2,0.5,0.8,1.1,1.8,1.9,2.1,2.7,3,5.5,2,2014
11.2 Accommodation services  ,1.4,2.3,2.7,3.1,5.8,7.2,8.8,9.9,12.1,23.1,7.7,2014
 11.2.1 Holiday in the UK ,0.9,1.3,1.8,2.8,3.8,4.9,5.5,6.6,7.4,9.6,4.5,2014
 11.2.2 Holiday abroad ,0.5,1,0.8,0.3,1.5,2.4,2.5,3.2,4.6,13,3,2014
 11.2.3 Room hire ,0,NA,NA,0,0.5,NA,0.8,0,0.1,0.6,0.2,2014
12 Miscellaneous goods and services  ,11.4,16.6,24.8,27.6,32,39.1,46.2,53,57.4,96.2,40.4,2014
12.1 Personal care  ,4,5.7,6.8,8.7,10.5,11.3,13.1,15.9,16.3,22.9,11.5,2014
" 12.1.1 Hairdressing, beauty treatment ",1.1,2.1,2.3,2.3,2.8,3.4,4.1,5.6,5.3,8.5,3.8,2014
 12.1.2 Toilet paper ,0.4,0.5,0.6,0.7,0.8,0.8,0.9,0.8,1,1.2,0.8,2014
 12.1.3 Toiletries and soap ,0.8,1.3,1.6,1.7,2.4,2.3,2.7,3.3,3.4,4.3,2.4,2014
 12.1.4 Baby toiletries and accessories (disposable) ,0.3,0.3,0.4,0.8,0.9,0.7,0.9,0.8,0.8,0.9,0.7,2014
" 12.1.5 Hair products, cosmetics and related electrical appliances ",1.3,1.6,1.9,3.1,3.6,4.1,4.5,5.4,5.9,8.1,3.9,2014
12.2 Personal effects  ,0.4,1.1,1.1,2.2,2,4.3,4.1,4.5,3.8,14.5,3.8,2014
12.3 Social protection  ,0,0.8,0.6,1.7,2.1,2.6,5.6,5.8,4.9,14.7,3.9,2014
12.4 Insurance  ,5.9,7.1,10.7,12.1,14.4,17.8,18.9,21.6,25.1,33.7,16.7,2014
"  12.4.1 Household insurances - structural, contents and appliances ",2,2.9,4.4,3.7,4.4,5,5.3,6.3,7.5,9.6,5.1,2014
 12.4.2 Medical insurance premiums ,0.6,0.6,0.6,1.2,1.2,1.2,1.4,2.6,2.9,7.4,2,2014
 12.4.3 Vehicle insurance including boat insurance ,3.2,3.6,5.6,7,8.7,11.4,12.1,12.6,14.5,16.5,9.5,2014
" 12.4.4 Non-package holiday, other travel insurance ",0.1,0,0.1,0.1,0.1,0.2,0.2,0.2,0.2,0.2,0.1,2014
12.5 Other services  ,0.9,1.8,5.6,3,3.1,3.1,4.4,5.1,7.3,10.5,4.5,2014
 12.5.1 Moving house ,0.7,0.8,1.4,1.3,1.8,1.5,2.8,2.8,2.9,5.6,2.2,2014
" 12.5.2 Bank, building society, post office, credit card charges ",0.2,0.2,0.3,0.3,0.5,0.5,0.6,0.7,0.7,1.3,0.5,2014
 12.5.3 Other services and professional fees ,0.1,0.8,3.9,1.4,0.8,1,1,1.6,3.7,3.6,1.8,2014
1-12 All expenditure groups  ,175.3,224.1,284.4,337.8,393.4,443.8,516.2,589.4,670.7,970.1,460.5,2014
13 Other expenditure items  ,20.1,26.5,33.6,41.4,52.7,66.3,76.6,84.8,105.7,161,66.9,2014
" 13.1 Housing: mortgage interest payments, council tax etc  ",12,15.4,21.4,26.1,35.4,44,51.3,60.1,70,105.3,44.1,2014
"13.2 Licences, fines and transfers  ",1.3,1.7,2.4,2.6,2.9,4.1,4.2,4.6,5.5,6.3,3.6,2014
13.3 Holiday spending  ,3,3.5,3.4,6.6,4.8,7.3,6.7,5.9,14.6,27.2,8.3,2014
13.4 Money transfers and credit  ,3.8,5.9,6.5,6.1,9.6,11,14.5,14.2,15.6,22.1,10.9,2014
" 13.4.1 Money, cash gifts given to children ",0.1,0,0.1,0.1,0.1,0.2,0.3,0.1,0.4,0.3,0.2,2014
 13.4.2 Cash gifts and donations ,3.2,5.6,5.4,5.5,8.2,9.2,12,13,13.5,20.5,9.6,2014
  13.4.3 Club instalment payments (child) and interest on credit cards ,0.5,0.3,1,0.6,1.3,1.7,2.1,1.1,1.7,1.4,1.2,2014
Total expenditure   ,195.4,250.7,318.1,379.2,446.1,510.1,592.9,674.2,776.4,1131.1,527.3,2014
14.1 Life assurance and contributions to pension funds  ,2.2,1.4,3.8,6.4,10.4,13.4,21,29.5,42.1,85.4,21.6,2014
14.2 Other insurance inc friendly societies5  ,0.2,0.5,0.9,0.9,1.4,1.7,1.6,2,2.6,2.8,1.5,2014
"14.3 Income tax, payments less refunds  ",13.7,6.8,15.8,28.3,42.2,55.6,81.2,107,165.2,403.8,91.9,2014
14.4 National insurance contributions  ,0.6,1.6,5.4,10.1,15.5,22.2,35.6,45.3,60.5,96,29.3,2014
"14.5 Purchase or alteration of dwellings, mortgages  ",11.7,7.2,13.7,27.5,44.7,43.2,60.5,89.1,84.9,183.2,56.6,2014
14.6 Savings and investments  ,0.5,0.3,0.9,1.6,2.7,4.1,5.2,6.8,13.2,21.5,5.7,2014
14.7 Pay off loan to clear other debt  ,0.2,0.7,1,1,1.3,1.7,2.1,3.9,3.6,3.8,1.9,2014
14.8 Windfall receipts from gambling etc6  ,0.4,1.7,0.7,1.1,1.4,1.9,0.9,1.3,2.7,2.8,1.5,2014
Lower boundary of group (£ per week)   ,NA,194,283,360,443,533,642,768,923,1211,NA,2015
Weighted number of households (thousands)   ,2730,2720,2730,2720,2720,2720,2720,2720,2720,2720,27220,2015
Total number of households in sample   ,470,480,500,510,510,500,490,500,500,470,4920,2015
Total number of persons in sample   ,620,760,910,1110,1180,1260,1350,1460,1440,1520,11620,2015
Total number of adults in sample   ,540,630,740,850,920,970,990,1080,1110,1130,8950,2015
Weighted average number of persons per household   ,1.3,1.6,1.8,2.2,2.4,2.5,2.7,2.9,2.9,3.3,2.4,2015
1 Food and non-alcoholic drinks  ,30.4,36.3,41.6,47.5,53.8,60.3,63.6,69.6,76.8,88.6,56.8,2015
1.1 Food  ,28.2,33.3,38.3,43.7,49.3,55.2,58.5,63.9,70.6,81.1,52.2,2015
" 1.1.1 Bread, rice and cereals ",2.7,3.3,3.8,4.6,4.8,5.3,5.8,6.2,7.1,7.9,5.2,2015
 1.1.2 Pasta products ,0.2,0.3,0.3,0.4,0.4,0.4,0.5,0.5,0.6,0.6,0.4,2015
" 1.1.3 Buns, cakes, biscuits etc ",2,2.3,2.9,3.2,3.4,3.9,4.1,4.4,4.3,5.3,3.6,2015
 1.1.4 Pastry (savoury) ,0.4,0.4,0.6,0.7,0.8,1,1,1,1.1,1.4,0.8,2015
" 1.1.5 Beef (fresh, chilled or frozen) ",0.9,1.2,1.3,1.7,1.7,2,2.2,2.3,2.9,3,1.9,2015
" 1.1.6 Pork (fresh, chilled or frozen) ",0.4,0.4,0.4,0.5,0.5,0.6,0.8,0.7,0.8,0.8,0.6,2015
" 1.1.7 Lamb (fresh, chilled or frozen) ",0.3,0.7,0.5,0.5,0.5,0.6,0.8,0.9,1,1.3,0.7,2015
" 1.1.8 Poultry (fresh, chilled or frozen) ",1,1.1,1.4,1.6,2,2.1,2.8,3,3.1,3.2,2.1,2015
 1.1.9 Bacon and ham ,0.5,0.7,0.7,0.8,0.7,1.1,1,1.1,1.1,1.2,0.9,2015
 1.1.10 Other meat and meat preparations ,3.8,4,4.8,5.4,5.7,6.8,6.9,6.9,7.6,8.3,6,2015
 1.1.11 Fish and fish products ,1.4,1.7,1.9,2.1,2.4,2.3,3,3.2,4,4.2,2.6,2015
 1.1.12 Milk ,1.5,1.5,1.8,2,2.2,2.3,2.3,2.5,2.3,2.8,2.1,2015
 1.1.13 Cheese and curd ,1,1.2,1.2,1.5,1.7,2.2,1.9,2.4,2.7,3.1,1.9,2015
 1.1.14 Eggs ,0.4,0.4,0.6,0.6,0.6,0.7,0.7,0.8,0.8,1,0.7,2015
 1.1.15 Other milk products ,1.1,1.2,1.5,1.7,2,2.1,2.3,2.6,2.7,3.1,2.1,2015
 1.1.16 Butter ,0.3,0.3,0.4,0.4,0.4,0.5,0.5,0.6,0.6,0.7,0.5,2015
" 1.1.17 Margarine, other vegetable fats and peanut butter ",0.3,0.3,0.4,0.5,0.5,0.4,0.5,0.5,0.5,0.5,0.4,2015
 1.1.18 Cooking oils and fats ,0.2,0.2,0.2,0.3,0.4,0.3,0.3,0.3,0.5,0.9,0.4,2015
 1.1.19 Fresh fruit ,1.9,2.3,2.5,2.7,3.5,3.7,3.8,4.4,5,6.3,3.6,2015
" 1.1.20 Other fresh, chilled or frozen fruits ",0.2,0.2,0.3,0.3,0.5,0.4,0.4,0.5,0.6,0.7,0.4,2015
 1.1.21 Dried fruit and nuts ,0.4,0.4,0.4,0.5,0.8,0.7,0.7,0.9,1.2,1.4,0.7,2015
 1.1.22 Preserved fruit and fruit based products ,0.1,0.1,0.2,0.1,0.1,0.2,0.1,0.2,0.2,0.2,0.2,2015
 1.1.23 Fresh vegetables ,2,2.3,2.6,3,3.8,4.1,4.4,5.1,6.1,7.4,4.1,2015
 1.1.24 Dried vegetables ,0,0,0,0.1,0.1,0.1,0.1,0.1,0.1,0.1,0.1,2015
 1.1.25 Other preserved or processed vegetables ,0.6,0.8,0.9,1.1,1.2,1.5,1.6,1.8,2.1,2.7,1.4,2015
 1.1.26 Potatoes ,0.5,0.6,0.7,0.8,0.8,0.9,0.9,1,1,1,0.8,2015
 1.1.27 Other tubers and products of tuber vegetables ,0.8,1,1.2,1.5,1.7,1.8,1.7,1.9,2.1,2.2,1.6,2015
 1.1.28 Sugar and sugar products ,0.3,0.2,0.3,0.3,0.3,0.4,0.4,0.5,0.5,0.5,0.4,2015
" 1.1.29 Jams, marmalades ",0.2,0.2,0.3,0.2,0.3,0.3,0.4,0.3,0.4,0.4,0.3,2015
 1.1.30 Chocolate ,0.9,1.2,1.3,1.5,1.9,2.1,2.3,2.6,2.5,3,1.9,2015
 1.1.31 Confectionery products ,0.3,0.4,0.6,0.6,0.8,0.9,0.9,0.8,0.9,1.2,0.7,2015
 1.1.32 Edible ices and ice cream ,0.3,0.4,0.4,0.5,0.6,0.6,0.6,0.7,0.8,0.9,0.6,2015
 1.1.33 Other food products ,1.4,1.6,1.7,2,2.3,2.6,2.7,3.1,3.5,4,2.5,2015
1.2 Non-alcoholic drinks  ,2.2,3,3.3,3.8,4.4,5.1,5.1,5.7,6.1,7.5,4.6,2015
 1.2.1 Coffee ,0.5,0.6,0.7,0.7,0.8,0.9,0.8,1.1,1.1,1.6,0.9,2015
 1.2.2 Tea ,0.3,0.4,0.4,0.4,0.5,0.5,0.5,0.5,0.7,0.6,0.5,2015
 1.2.3 Cocoa and powdered chocolate ,0.1,0.1,0.1,0.1,0.1,0.1,0.1,0.1,0.1,0.1,0.1,2015
 1.2.4 Fruit and vegetable juices (inc. fruit squash) ,0.4,0.6,0.6,0.7,0.9,1.1,1.3,1.3,1.4,1.8,1,2015
 1.2.5 Mineral or spring waters ,0.2,0.2,0.3,0.2,0.3,0.3,0.4,0.4,0.4,0.7,0.3,2015
 1.2.6 Soft drinks (inc. fizzy and ready to drink fruit drinks) ,0.9,1.3,1.2,1.6,1.8,2.2,2.1,2.2,2.4,2.6,1.8,2015
"2 Alcoholic drink, tobacco and narcotics  ",7,8.1,8.8,9.4,8.9,13.7,11,13.6,15.3,17.7,11.4,2015
2.1 Alcoholic drinks  ,4.1,3.9,5,5.5,5.5,8.3,7.7,10.4,11.8,15.3,7.8,2015
 2.1.1 Spirits and liqueurs (brought home) ,1.1,1.2,1.5,1.5,1.5,2.1,1.5,1.9,2.3,2.7,1.7,2015
" 2.1.2 Wines, fortified wines (brought home) ",2,1.7,2.2,2.6,2.4,4,3.7,5.9,6.3,9,4,2015
" 2.1.3 Beer, lager, ciders and perry (brought home) ",1,1,1.2,1.4,1.5,2.2,2.5,2.6,3.2,3.6,2,2015
 2.1.4 Alcopops (brought home) ,0,0,0.1,0,0,0.1,0,0,0,0,0,2015
2.2 Tobacco and narcotics2  ,2.9,4.2,3.8,3.9,3.4,5.4,3.3,3.2,3.5,2.4,3.6,2015
 2.2.1 Cigarettes ,1.9,3.5,3.3,2.7,2.5,4.3,2.9,2.6,2.5,2,2.8,2015
" 2.2.2 Cigars, other tobacco products and narcotics ",1,0.7,0.5,1.1,0.9,1.1,0.4,0.6,1,0.4,0.8,2015
3 Clothing and footwear  ,6.3,9.9,12,17.4,17.7,24,24.8,32.3,40.8,49.3,23.5,2015
3.1 Clothing  ,5.1,8.1,9.5,13.9,13.8,18.6,19.7,26,32.9,41.1,18.9,2015
 3.1.1 Men's outer garments ,1.1,1.8,2.1,3.2,3.4,5.5,4.6,7,7.8,11.8,4.8,2015
 3.1.2 Men's under garments ,0.2,0.2,0.3,0.5,0.4,0.6,0.6,0.7,1,1.4,0.6,2015
 3.1.3 Women's outer garments ,2.7,3.9,4.2,5.7,6.1,7,8.5,10.5,16,18.5,8.3,2015
 3.1.4 Women's under garments ,0.3,0.7,0.6,0.9,0.8,1.2,1.2,1.6,1.7,2.1,1.1,2015
 3.1.5 Boys' outer garments (5-15) ,0.2,0.2,0.7,0.9,0.8,1,1.2,1.1,1.3,1.8,0.9,2015
 3.1.6 Girls' outer garments (5-15) ,0.1,0.4,0.4,1.1,0.7,0.8,1.4,1.6,1.5,1.7,1,2015
 3.1.7 Infants' outer garments (under 5) ,0.1,0.3,0.4,0.5,0.4,0.8,0.7,1.3,1.2,0.7,0.6,2015
 3.1.8 Children's under garments (under 16) ,0,0.2,0.2,0.4,0.4,0.4,0.4,0.7,0.5,0.7,0.4,2015
 3.1.9 Accessories ,0.2,0.3,0.3,0.4,0.5,0.6,0.7,1.2,1.4,1.3,0.7,2015
 3.1.10 Haberdashery and clothing hire ,0.1,0.1,0.2,0.2,0.1,0.3,0.3,0.2,0.2,0.3,0.2,2015
" 3.1.11 Dry cleaners, laundry and dyeing ",0,0.1,0.1,0.1,0.2,0.3,0.2,0.1,0.3,0.7,0.2,2015
3.2 Footwear  ,1.3,1.9,2.5,3.5,4,5.4,5.1,6.4,7.8,8.2,4.6,2015
"4 Housing (net)3, fuel and power  ",44.5,61.7,59.5,71.4,70.4,77.2,80.1,75.6,82,102.3,72.5,2015
4.1 Actual rentals for housing  ,73.5,63.1,54.4,53.9,45.5,44.5,42.5,36.9,33.6,37.9,48.6,2015
 4.1.1 Gross rent ,73.5,63.1,54.4,53.9,45.5,43.8,42.5,36.6,33.3,37.1,48.3,2015
" 4.1.2 less housing benefit, rebates and allowances rec'd ",56.6,34.8,26,17.3,12,4.3,2.8,3.4,1.2,0.3,15.9,2015
 4.1.3 Net rent4 ,16.8,28.3,28.3,36.6,33.4,39.5,39.7,33.1,32.1,36.8,32.5,2015
 4.1.4 Second dwelling rent ,NA,NA,NA,NA,NA,0.6,NA,0.4,0.4,0.8,0.2,2015
4.2 Maintenance and repair of dwelling  ,2.7,5.4,3.1,5,5.8,5.2,7.2,8.1,12,21.5,7.6,2015
 4.3 Water supply and miscellaneous services relating to the dwelling  ,7.3,7.8,7.7,8.1,8.5,8.9,9.2,9.7,10.7,11.1,8.9,2015
"4.4 Electricity, gas and other fuels  ",17.7,20.2,20.4,21.7,22.7,23,24.1,24.3,26.9,32.1,23.3,2015
 4.4.1 Electricity ,9.3,10.3,10.4,10.9,11.3,11.2,11.8,11.9,12.7,14.7,11.5,2015
 4.4.2 Gas ,7.5,9.3,8.9,10,10.4,10.4,11.3,11,12.6,15.4,10.7,2015
 4.4.3 Other fuels ,0.8,0.5,1.1,0.8,1,1.4,1,1.4,1.6,2,1.2,2015
5 Household goods and services  ,11.8,18.4,20.2,26.1,31.4,34.7,34.7,46.9,55.6,75,35.5,2015
" 5.1 Furniture and furnishings, carpets and other floor coverings  ",6.1,10.1,10.1,16.4,18.4,16.3,21.8,30.6,34.5,47.3,21.2,2015
 5.1.1 Furniture and furnishings ,5.1,8.3,9,14,15.5,13.6,18.3,27.3,28.3,34.5,17.4,2015
 5.1.2 Floor coverings ,1,1.8,1.1,2.5,2.9,2.8,3.5,3.3,6.2,12.8,3.8,2015
5.2 Household textiles  ,0.8,1.2,1.1,1,2,1.6,1.4,2.2,3.3,4.1,1.9,2015
5.3 Household appliances  ,1,1.1,0.8,1.5,2.7,5.2,1.7,3.1,4.2,2.9,2.4,2015
"5.4 Glassware, tableware and household utensils  ",0.5,0.8,0.7,1.3,1.4,2.3,1.9,1.9,3.1,3.7,1.8,2015
5.5 Tools and equipment for house and garden  ,0.7,1,2.1,1.3,1.8,2.8,2.3,2.5,2.9,4.2,2.2,2015
 5.6 Goods and services for routine household maintenance  ,2.8,4.2,5.4,4.6,5,6.5,5.6,6.7,7.4,12.9,6.1,2015
 5.6.1 Cleaning materials ,1.2,1.7,1.8,2.2,2.2,2.5,2.7,3.1,2.8,3.5,2.4,2015
 5.6.2 Household goods and hardware ,0.6,0.9,1,1.1,1.3,1.5,1.6,1.8,2,2.4,1.4,2015
"  5.6.3 Domestic services, carpet cleaning,  hire/repair of furniture/furnishings ",1,1.6,2.6,1.4,1.5,2.5,1.3,1.8,2.6,7,2.3,2015
6 Health  ,2.4,3.7,3.6,4.9,5.1,10.9,6.8,9,8.2,17.5,7.2,2015
"6.1 Medical products, appliances and equipment  ",1.8,2.9,2,3.3,3.6,7.6,3.3,4.8,3.7,5,3.8,2015
" 6.1.1 Medicines, prescriptions, healthcare products etc ",1.2,1.2,1.1,1.5,1.5,5.3,2.2,2.5,2.5,3.4,2.2,2015
" 6.1.2 Spectacles, lenses, accessories and repairs ",0.6,1.7,0.9,1.8,2.1,2.3,1.2,2.3,1.2,1.6,1.6,2015
6.2 Hospital services  ,0.6,0.8,1.7,1.6,1.6,3.2,3.5,4.2,4.5,12.5,3.4,2015
7 Transport  ,14.6,26.5,32.7,44,57.6,70.7,88.9,92.6,125.8,174.1,72.7,2015
7.1 Purchase of vehicles  ,3.6,10.3,8.1,14.8,18.3,24.5,34.3,30.5,45.5,58.3,24.8,2015
 7.1.1 Purchase of new cars and vans ,0.5,2.3,1.6,3.4,5.7,8.5,13,11.4,15.2,25,8.7,2015
 7.1.2 Purchase of second hand cars or vans ,3.1,7.6,6.4,11.3,12.3,15.2,18.6,17.1,27.7,29.5,14.9,2015
 7.1.3 Purchase of motorcycles and other vehicles ,NA,0.4,0.1,0.2,0.4,0.8,2.8,2,2.6,3.8,1.3,2015
7.2 Operation of personal transport  ,7.1,10.4,15.9,20,25.1,31.8,37.2,42.6,52.6,64.7,30.8,2015
 7.2.1 Spares and accessories ,0.1,0.5,1.1,1,1.2,1.5,2.8,3.5,5.3,8,2.5,2015
" 7.2.2 Petrol, diesel and other motor oils ",4.5,7,10.7,13.2,16.7,21.3,22.6,28,33.8,36,19.4,2015
 7.2.3 Repairs and servicing ,2.1,2.1,2.7,4.3,5,6.2,8.4,7.9,9.3,14.2,6.2,2015
 7.2.4 Other motoring costs ,0.4,0.9,1.4,1.4,2.3,2.9,3.4,3.3,4.2,6.5,2.7,2015
7.3 Transport services  ,3.9,5.8,8.6,9.2,14.2,14.3,17.3,19.5,27.7,51.1,17.2,2015
 7.3.1 Rail and tube fares ,0.7,1,1.4,1.3,2.1,3,3.8,5.3,7.3,15.2,4.1,2015
 7.3.2 Bus and coach fares ,0.9,1.1,1.2,1.4,1.6,1.7,1.7,1.6,1,1.3,1.3,2015
 7.3.3 Combined fares ,0.1,0.1,0.1,0.2,0.2,0.8,0.9,1,1.2,2.3,0.7,2015
 7.3.4 Other travel and transport ,2.2,3.6,6,6.2,10.3,8.8,10.9,11.6,18.2,32.3,11,2015
8 Communication  ,7.4,9.4,11.1,13.3,16.3,17.7,18.4,20.2,21,25,16,2015
8.1 Postal services  ,0.3,0.3,0.4,0.5,0.4,0.6,0.6,0.7,0.7,1.1,0.6,2015
8.2Telephone and telefax equipment  ,0.2,0.1,0.2,0.5,1,0.8,0.9,0.7,1,2,0.7,2015
8.3 Telephone and telefax services  ,5.5,6.8,8,9.5,11.6,13,13.2,14.8,15.6,17.6,11.6,2015
8.4 Internet subscription fees  ,1.5,2.2,2.5,2.9,3.3,3.3,3.7,4,3.8,4.3,3.1,2015
9 Recreation and culture  ,18.1,27.9,32.9,44.2,53.4,75,81.9,88.9,106.4,151.4,68,2015
" 9.1 Audio-visual, photographic and information processing equipment  ",2,1.8,2.4,4.7,5,6.1,5.1,6.6,12,15.7,6.1,2015
" 9.1.1 Audio equipment and accessories, CD players ",0.4,0.4,0.3,0.9,0.6,1.5,1.2,0.8,1.6,2.2,1,2015
" 9.1.2 TV, video and computers ",1.6,1.4,2,3.2,4.3,4.5,3.6,5.6,10,8.3,4.5,2015
" 9.1.3 Photographic, cine and optical equipment ",0,0,0.2,0.6,0,0.1,0.2,0.3,0.3,5.2,0.7,2015
9.2Other major durables for recreation and culture  ,0.3,0,0.1,0.7,1.7,6.7,1,2,4.8,5.5,2.3,2015
" 9.3 Other recreational items and equipment, gardens and pets  ",3.5,6.4,7.6,8.8,10.1,12.6,12.4,16.9,18.7,21.8,11.9,2015
" 9.3.1 Games, toys and hobbies ",0.5,1.5,1.5,2.1,2.3,2.7,2.7,4.7,3.5,5.5,2.7,2015
 9.3.2 Computer software and games ,0.1,0.3,0.5,1,0.7,0.8,0.6,1.6,1.7,1.1,0.8,2015
" 9.3.3 Equipment for sport, camping and open-air recreation ",0.2,0.2,1.1,0.1,1,0.7,1.8,1.7,3,2,1.2,2015
" 9.3.4 Horticultural goods, garden equipment and plants ",0.8,1.4,1.6,1.7,2.1,2.8,2.7,3.1,4.3,5.3,2.6,2015
 9.3.5 Pets and pet food ,1.9,3,2.9,3.9,3.9,5.7,4.6,5.8,6.3,7.9,4.6,2015
9.4 Recreational and cultural services  ,5.6,10.1,12.5,15,17.5,22.7,24.8,24.9,30.6,38.9,20.2,2015
"  9.4.1 Sports admissions, subscriptions, leisure class fees and equipment hire ",0.8,2.4,2.8,3.3,5.5,7,7.5,8.2,11.4,18.1,6.7,2015
" 9.4.2 Cinema, theatre and museums etc ",0.3,0.4,1.3,1.9,1.4,3,4.2,3.7,4.1,5.3,2.6,2015
"  9.4.3 TV, video, satellite rental, cable subscriptions and TV licences ",3.3,4.7,5,6.2,6.6,7.3,8,8.2,9,9.7,6.8,2015
 9.4.4 Miscellaneous entertainments ,0.1,0.6,0.8,0.6,0.9,2,1.7,1.6,3.2,2.8,1.4,2015
"  9.4.5 Development of film, deposit for film development, passport photos, holiday and school photos ",0,0,0.1,0.3,0.3,0.2,0.2,0.3,0.4,0.2,0.2,2015
 9.4.6 Gambling payments ,1.1,2,2.5,2.8,2.8,3.3,3.2,2.9,2.4,2.9,2.6,2015
"9.5 Newspapers, books and stationery  ",2.4,3.4,3.7,3.7,4.2,5.6,6.6,6.6,6.9,10.2,5.3,2015
 9.5.1 Books ,0.4,0.5,0.7,0.6,0.7,1.3,2,1.3,1.6,2.8,1.2,2015
" 9.5.2 Diaries, address books, cards etc ",0.8,0.9,1,1.2,1.5,2.2,2.2,2.6,3.2,4.1,2,2015
 9.5.3 Newspapers ,0.9,1.6,1.5,1.4,1.4,1.4,1.7,1.6,1.2,2,1.5,2015
 9.5.4 Magazines and periodicals ,0.3,0.4,0.5,0.5,0.6,0.7,0.7,1.1,0.9,1.2,0.7,2015
9.6 Package holidays  ,4.3,6.3,6.6,11.3,14.9,21.3,32,32,33.4,59.4,22.1,2015
 9.6.1 Package holidays - UK ,0.3,0.7,0.7,0.8,1.7,2,1.2,1.5,1.6,3.3,1.4,2015
 9.6.2 Package holidays - abroad ,4,5.6,5.9,10.4,13.2,19.3,30.8,30.5,31.8,56.1,20.8,2015
10 Education  ,3.1,2.5,1.1,1.3,5.1,3.9,5.5,4.4,12.2,31.2,7,2015
10.1 Education fees  ,3,2.5,1,1.1,5,3.6,5.1,4,11.5,29.6,6.7,2015
" 10.2 Payments for school trips, other ad-hoc expenditure  ",0,0,0.1,0.2,0.1,0.3,0.5,0.4,0.7,1.6,0.4,2015
11 Restaurants and hotels  ,9.7,16.9,20.4,29.2,34,47.7,54,55.8,76.6,107.1,45.1,2015
11.1 Catering services  ,8.1,14,17.1,24.1,27.4,38.3,44.9,46.6,59.4,82.3,36.2,2015
 11.1.1 Restaurant and café meals ,4.2,6.5,8,10.6,13.5,17.2,20.3,22.3,29.9,40.5,17.3,2015
 11.1.2 Alcoholic drinks (away from home) ,1.4,3.2,3.5,5.3,4.9,8.6,8.3,9.9,11.6,17.9,7.5,2015
 11.1.3 Take away meals eaten at home ,1.7,2.3,2.9,3.9,4.4,5.6,5.1,6,7,7.8,4.7,2015
 11.1.4 Other take-away and snack food ,0.7,1.4,2.1,3.2,3.3,4.7,5.1,5.5,7.4,10.6,4.4,2015
 11.1.5 Contract catering (food) and canteens ,0.2,0.7,0.7,1.1,1.4,2.2,6.2,2.9,3.3,5.4,2.4,2015
11.2 Accommodation services  ,1.6,2.9,3.3,5.1,6.6,9.4,9.1,9.1,17.3,24.9,8.9,2015
 11.2.1 Holiday in the UK ,1.3,1.9,2.8,3.8,3.2,5.3,6.4,5.5,8.7,11.7,5.1,2015
 11.2.2 Holiday abroad ,0.3,1,0.4,1.3,2.3,4.1,2.7,3.5,8.2,12.5,3.6,2015
 11.2.3 Room hire ,NA,0,0,0,1.2,NA,NA,0.2,0.3,0.7,0.2,2015
12 Miscellaneous goods and services  ,11.3,17.7,20.7,30.3,33.8,42.3,42.4,49.7,60.9,87.6,39.7,2015
12.1 Personal care  ,3.7,6,7,7.7,9,11.6,13.3,15.2,18.3,22.4,11.4,2015
" 12.1.1 Hairdressing, beauty treatment ",0.9,1.6,2.4,2.5,2.5,3.6,4.6,4.7,6.3,8.1,3.7,2015
 12.1.2 Toilet paper ,0.4,0.5,0.7,0.7,0.8,0.8,0.9,1,1.1,1.1,0.8,2015
 12.1.3 Toiletries and soap ,0.9,1.4,1.4,1.7,2,2.3,2.8,3.1,3.7,4.3,2.3,2015
 12.1.4 Baby toiletries and accessories (disposable) ,0.3,0.4,0.4,0.6,0.6,0.9,0.9,1,0.9,1,0.7,2015
" 12.1.5 Hair products, cosmetics and related electrical appliances ",1.2,2,2.2,2.3,3.1,3.9,4.1,5.5,6.3,7.9,3.9,2015
12.2 Personal effects  ,0.6,0.8,0.9,1.5,5.5,3.2,4,3.4,6.9,7.2,3.4,2015
12.3 Social protection  ,1,0.7,1.7,2.5,1.6,3.9,2.4,7.4,7.5,15.2,4.4,2015
12.4 Insurance  ,5.1,8.1,9.1,11.4,13,18.5,18.4,19.6,21.6,31.5,15.6,2015
"  12.4.1 Household insurances - structural, contents and appliances ",1.9,2.9,3.4,3.6,3.9,4.5,4.8,5.7,6.3,8.6,4.6,2015
 12.4.2 Medical insurance premiums ,0.1,0.5,0.5,0.9,0.8,1.8,1.4,2.3,2,5.8,1.6,2015
 12.4.3 Vehicle insurance including boat insurance ,3,4.7,5.1,6.8,8.2,11.2,11.7,11.5,13.1,16.5,9.2,2015
" 12.4.4 Non-package holiday, other travel insurance ",0,0,0,0.2,0,0.9,0.4,0.1,0.2,0.6,0.3,2015
12.5 Other services  ,0.9,2.1,2.1,7.3,4.7,5.1,4.4,4.1,6.6,11.2,4.8,2015
 12.5.1 Moving house ,0.6,1.7,1.2,2.2,3.5,2.6,2.9,2.1,4.8,7.1,2.9,2015
" 12.5.2 Bank, building society, post office, credit card charges ",0.1,0.2,0.3,0.4,0.8,0.7,0.6,0.7,0.9,1,0.6,2015
 12.5.3 Other services and professional fees ,0.2,0.2,0.6,4.7,0.5,1.8,0.9,1.2,0.9,3.1,1.4,2015
1-12 All expenditure groups  ,166.7,239.2,264.4,339,387.6,478.1,512.2,558.7,681.6,926.8,455.3,2015
13 Other expenditure items  ,15.3,34.6,30.9,38.6,58.3,71.2,73,95.7,127,191,73.6,2015
" 13.1 Housing: mortgage interest payments, council tax etc  ",10.3,17.1,20.8,24.5,39.1,39.7,48,59.2,90.7,123.5,47.3,2015
"13.2 Licences, fines and transfers  ",1.1,1.6,2,2.7,3.2,3.5,3.8,4.5,5.1,6,3.4,2015
13.3 Holiday spending  ,1.7,5.4,0.8,3.6,5.5,11.2,6.7,18.2,14,32.1,9.9,2015
13.4 Money transfers and credit  ,2.2,10.5,7.3,7.8,10.6,16.8,14.5,13.8,17.2,29.4,13,2015
" 13.4.1 Money, cash gifts given to children ",0,0,0,0,0.1,0.1,0.1,0.2,0.1,0.1,0.1,2015
 13.4.2 Cash gifts and donations ,2,10.1,6.5,7,9.5,14.5,13.5,12,15.7,25.8,11.7,2015
  13.4.3 Club instalment payments (child) and interest on credit cards ,0.2,0.3,0.8,0.7,1,2.3,0.9,1.6,1.4,3.5,1.3,2015
Total expenditure   ,182,273.8,295.3,377.6,445.9,549.4,585.2,654.4,808.6,1117.8,528.9,2015
14.1 Life assurance and contributions to pension funds  ,1.5,2.1,3.3,6.1,9.6,14.5,22.1,34.2,43.6,88.5,22.5,2015
14.2 Other insurance inc friendly societies  ,0.4,0.6,0.8,1,1.1,1.7,1.5,2.4,2.9,3.6,1.6,2015
"14.3 Income tax, payments less refunds  ",10.5,8.3,16.1,27.8,39.4,59.7,79,105.2,160.3,390.2,89.6,2015
14.4 National insurance contributions  ,0.6,2.5,4.3,9.9,17.5,24.7,32.7,46,61.2,90.5,29,2015
"14.5 Purchase or alteration of dwellings, mortgages  ",14.3,17.8,33.3,28.1,33,41.2,64.5,70.3,114.3,194.6,61.1,2015
14.6 Savings and investments  ,0.7,1.7,1.2,2.3,2.6,3.6,4.9,8.4,11.4,21.4,5.8,2015
14.7 Pay off loan to clear other debt  ,0.8,0.7,0.6,1.2,1.9,1.7,3,2.6,3.8,3.8,2,2015
14.8 Windfall receipts from gambling etc5  ,1,0.7,2,1.4,1.5,2.4,2.6,2.6,1.3,2.1,1.8,2015
Lower boundary of group (£ per week)   ,NA,205,293,380,473,572,683,808,1005,1292,NA,2016
Weighted number of households (thousands)   ,2720,2720,2720,2720,2720,2720,2730,2720,2720,2720,27210,2016
Total number of households in sample   ,490,500,520,540,520,510,510,510,490,460,5040,2016
Total number of persons in sample   ,620,790,990,1170,1260,1340,1400,1480,1470,1440,11960,2016
Total number of adults in sample   ,550,650,770,910,970,1000,1060,1130,1100,1120,9260,2016
Weighted average number of persons per household   ,1.3,1.5,1.9,2.2,2.4,2.6,2.7,2.9,3,3.2,2.4,2016
1 Food and non-alcoholic drinks  ,29,36.1,44.4,50.5,57.3,60.8,65.1,71.4,78.9,86.4,58,2016
1.1 Food  ,26.7,33.1,40.6,46.4,52.4,55.7,60.1,65.4,72.7,79.6,53.3,2016
" 1.1.1 Bread, rice and cereals ",2.6,3.3,3.9,4.6,5.1,5.8,5.7,6.3,7.1,7,5.1,2016
 1.1.2 Pasta products ,0.2,0.3,0.3,0.4,0.5,0.5,0.5,0.6,0.6,0.6,0.4,2016
" 1.1.3 Buns, cakes, biscuits etc ",2.1,2.4,3.1,3.4,3.7,3.9,4,4.3,4.9,5.3,3.7,2016
 1.1.4 Pastry (savoury) ,0.4,0.5,0.6,0.7,0.8,1,1,1.1,1.1,1.2,0.8,2016
" 1.1.5 Beef (fresh, chilled or frozen) ",0.7,1.1,1.4,1.8,1.8,2.1,2,2.2,2.8,3.3,1.9,2016
" 1.1.6 Pork (fresh, chilled or frozen) ",0.4,0.3,0.5,0.6,0.6,0.7,0.6,0.7,0.7,0.7,0.6,2016
" 1.1.7 Lamb (fresh, chilled or frozen) ",0.3,0.4,0.5,0.5,0.6,0.6,0.6,0.6,0.9,0.7,0.6,2016
" 1.1.8 Poultry (fresh, chilled or frozen) ",0.9,1.1,1.3,1.9,2.3,2.5,2.7,2.7,3.6,3.6,2.3,2016
 1.1.9 Bacon and ham ,0.5,0.6,0.9,0.8,0.8,0.9,1,1,1.1,1.2,0.9,2016
 1.1.10 Other meat and meat preparations ,3.4,4.4,5.3,5.7,5.7,6.4,6.9,7.4,7.4,8.8,6.1,2016
 1.1.11 Fish and fish products ,1.6,1.8,2,2.1,2.6,2.8,2.9,3.2,3.7,4.8,2.7,2016
 1.1.12 Milk ,1.4,1.8,1.9,2.1,2.5,2.3,2.3,2.5,2.4,2.4,2.1,2016
 1.1.13 Cheese and curd ,0.9,1.2,1.4,1.6,1.9,2,2.2,2.7,2.8,3,2,2016
 1.1.14 Eggs ,0.4,0.4,0.5,0.6,0.7,0.7,0.9,0.9,0.9,1,0.7,2016
 1.1.15 Other milk products ,1,1.4,1.6,1.9,2.1,2.2,2.5,2.9,2.8,3.2,2.2,2016
 1.1.16 Butter ,0.2,0.3,0.4,0.4,0.4,0.3,0.4,0.5,0.5,0.5,0.4,2016
" 1.1.17 Margarine, other vegetable fats and peanut butter ",0.4,0.4,0.4,0.5,0.5,0.6,0.5,0.5,0.6,0.7,0.5,2016
 1.1.18 Cooking oils and fats ,0.2,0.2,0.2,0.3,0.4,0.3,0.4,0.4,0.4,0.4,0.3,2016
 1.1.19 Fresh fruit ,1.7,2.1,2.8,2.9,3.7,3.8,4.6,4.8,5.5,6.4,3.8,2016
" 1.1.20 Other fresh, chilled or frozen fruits ",0.2,0.2,0.4,0.4,0.5,0.4,0.6,0.5,0.7,0.7,0.5,2016
 1.1.21 Dried fruit and nuts ,0.4,0.4,0.5,0.5,0.8,0.9,1,1.1,1.3,1.6,0.8,2016
 1.1.22 Preserved fruit and fruit based products ,0.1,0.1,0.1,0.1,0.2,0.2,0.2,0.2,0.2,0.2,0.1,2016
 1.1.23 Fresh vegetables ,1.7,2.2,2.8,3.2,3.8,4.1,4.9,5.4,6.2,7,4.1,2016
 1.1.24 Dried vegetables ,0,0,0,0,0.1,0.1,0.1,0.1,0.1,0.1,0.1,2016
 1.1.25 Other preserved or processed vegetables ,0.8,0.8,1.2,1.2,1.4,1.5,1.8,2,2.2,2.5,1.5,2016
 1.1.26 Potatoes ,0.4,0.6,0.7,0.8,0.8,0.8,0.8,0.9,0.8,1,0.8,2016
 1.1.27 Other tubers and products of tuber vegetables ,0.9,1.1,1.3,1.4,1.7,1.7,1.9,1.9,2,2,1.6,2016
 1.1.28 Sugar and sugar products ,0.2,0.3,0.3,0.3,0.4,0.4,0.4,0.5,0.6,0.5,0.4,2016
" 1.1.29 Jams, marmalades ",0.2,0.2,0.2,0.3,0.3,0.4,0.3,0.4,0.3,0.4,0.3,2016
 1.1.30 Chocolate ,0.9,1.2,1.4,1.7,1.8,2,2.2,2.2,2.8,2.8,1.9,2016
 1.1.31 Confectionery products ,0.4,0.6,0.6,0.7,0.9,0.8,0.7,1.1,1,0.9,0.8,2016
 1.1.32 Edible ices and ice cream ,0.3,0.4,0.4,0.6,0.6,0.7,0.6,0.8,1,0.8,0.6,2016
 1.1.33 Other food products ,1.1,1.4,1.8,2,2.4,2.4,2.8,3.2,3.8,4.3,2.5,2016
1.2 Non-alcoholic drinks  ,2.3,3,3.8,4.1,4.9,5.1,5.1,6,6.2,6.7,4.7,2016
 1.2.1 Coffee ,0.5,0.6,0.9,0.7,0.8,0.9,0.9,1.2,1.1,1.3,0.9,2016
 1.2.2 Tea ,0.3,0.4,0.5,0.4,0.4,0.5,0.5,0.6,0.7,0.6,0.5,2016
 1.2.3 Cocoa and powdered chocolate ,0.1,0.1,0.1,0.1,0.1,0.3,0.1,0.1,0.1,0.1,0.1,2016
 1.2.4 Fruit and vegetable juices (inc. fruit squash) ,0.5,0.5,0.7,0.9,1,1,1.2,1.3,1.5,1.8,1,2016
 1.2.5 Mineral or spring waters ,0.2,0.2,0.2,0.3,0.4,0.5,0.4,0.5,0.5,0.6,0.4,2016
 1.2.6 Soft drinks (inc. fizzy and ready to drink fruit drinks) ,0.9,1.3,1.3,1.8,2.1,2,2.1,2.3,2.2,2.3,1.8,2016
"2 Alcoholic drink, tobacco and narcotics  ",7.2,8.3,8.8,9.9,11.9,12.3,11.8,16.5,15,17.5,11.9,2016
2.1 Alcoholic drinks  ,4.3,4.6,5,5.6,6.9,7.4,8.5,12.4,11.5,15.3,8.2,2016
 2.1.1 Spirits and liqueurs (brought home) ,1.5,1.4,1.2,1.4,1.6,1.5,1.8,2.6,2.1,3.2,1.8,2016
" 2.1.2 Wines, fortified wines (brought home) ",1.5,1.9,2.3,2.5,3.1,3.8,4.2,6.3,6.3,9.1,4.1,2016
" 2.1.3 Beer, lager, ciders and perry (brought home) ",1.3,1.2,1.5,1.7,2.2,2.1,2.5,3.5,3,3,2.2,2016
 2.1.4 Alcopops (brought home) ,NA,NA,NA,0,NA,NA,0,0,NA,NA,0,2016
2.2 Tobacco and narcotics2  ,3,3.7,3.8,4.3,5,4.8,3.3,4.1,3.6,2.1,3.8,2016
 2.2.1 Cigarettes ,2.1,2.8,2.5,3.5,3.8,4,2.1,3.4,2.8,1.8,2.9,2016
" 2.2.2 Cigars, other tobacco products and narcotics ",0.9,1,1.3,0.8,1.2,0.8,1.2,0.7,0.8,0.3,0.9,2016
3 Clothing and footwear  ,7.9,9.8,11.9,20.1,22.3,22.1,29.3,33.8,42.9,51.2,25.1,2016
3.1 Clothing  ,6.2,7.8,9.3,16.2,17.4,17.2,23.4,26.2,34.2,41.5,19.9,2016
 3.1.1 Men's outer garments ,1.1,1.7,2,3.8,4.9,3.5,6.5,7.7,7.8,13.7,5.3,2016
 3.1.2 Men's under garments ,0.2,0.4,0.2,0.4,0.2,0.5,0.8,0.7,0.8,0.7,0.5,2016
 3.1.3 Women's outer garments ,2.7,3.4,4.3,6.9,6.6,7.9,9.5,10.9,17.6,17.3,8.7,2016
 3.1.4 Women's under garments ,0.5,0.5,0.7,1.2,1,1.3,1.3,1.3,2.2,2.5,1.3,2016
 3.1.5 Boys' outer garments (5-15) ,0.4,0.5,0.4,0.9,1,1.2,1.1,1,1.3,1.3,0.9,2016
 3.1.6 Girls' outer garments (5-15) ,0.4,0.5,0.4,0.7,1,0.9,1.2,1.6,1.3,1.5,1,2016
 3.1.7 Infants' outer garments (under 5) ,0.2,0.2,0.2,0.7,0.8,0.6,1.2,1,0.9,1.2,0.7,2016
 3.1.8 Children's under garments (under 16) ,0.1,0.4,0.2,0.3,0.5,0.4,0.7,0.5,0.6,0.4,0.4,2016
 3.1.9 Accessories ,0.4,0.1,0.4,0.7,0.5,0.6,0.7,1.2,1.3,1.4,0.7,2016
 3.1.10 Haberdashery and clothing hire ,0.1,0.1,0.3,0.4,0.3,0.2,0.1,0.2,0.3,0.4,0.2,2016
" 3.1.11 Dry cleaners, laundry and dyeing ",NA,NA,0.2,0.1,0.5,0.1,0.2,0.2,0.2,0.9,0.3,2016
3.2 Footwear  ,1.7,2,2.6,3.9,4.9,4.9,5.9,7.6,8.7,9.7,5.2,2016
"4 Housing (net)3, fuel and power  ",44.6,56.4,64.4,62.4,83.1,80,79.7,75.8,86.4,92.8,72.6,2016
4.1 Actual rentals for housing  ,62.3,61,56.4,47.1,55.3,45.3,40.5,35.7,39.7,28.5,47.2,2016
 4.1.1 Gross rent ,62.3,61,56.4,46.7,55.3,45.3,40.5,35.7,39.1,28.5,47.1,2016
" 4.1.2 less housing benefit, rebates and allowances rec'd ",45.1,34.1,26.2,18.9,9.4,5.1,1.1,2.3,NA,NA,14.3,2016
 4.1.3 Net rent4 ,17.2,26.9,30.2,27.8,45.9,40.2,39.4,33.4,38.4,28.4,32.8,2016
4.2 Maintenance and repair of dwelling  ,1.9,2.7,6.2,4.3,7.4,8.3,8.9,9.5,12.5,23.9,8.6,2016
 4.3 Water supply and miscellaneous services relating to the dwelling  ,7.6,7.5,8.1,8.9,8.2,9.2,9,9.2,10,11.4,8.9,2016
"4.4 Electricity, gas and other fuels  ",17.8,19.4,19.9,21.1,21.7,22.3,22.4,23.7,24.8,29.1,22.2,2016
 4.4.1 Electricity ,9.6,9.8,10.4,10.8,10.9,11,10.9,11.8,12,13.6,11.1,2016
 4.4.2 Gas ,7.7,8.7,8.5,9.7,9.5,10.3,10.4,10.5,11.7,13.6,10.1,2016
 4.4.3 Other fuels ,0.5,0.9,0.9,0.6,1.3,1,1.1,1.4,1.1,1.9,1.1,2016
5 Household goods and services  ,11.9,16.3,30.4,34.2,30.1,40.4,38.1,49,56,87,39.3,2016
" 5.1 Furniture and furnishings, carpets and other floor coverings  ",5.4,7.3,18.5,17.9,16.7,21.1,21.4,25.4,31.6,54,21.9,2016
 5.1.1 Furniture and furnishings ,4.5,5.3,15.8,15.4,14.3,17.6,18.7,20.8,25.8,44.6,18.3,2016
 5.1.2 Floor coverings ,0.9,2,2.7,2.5,2.4,3.5,2.7,4.6,5.8,9.3,3.6,2016
5.2 Household textiles  ,0.9,0.7,1,2,1.7,2,1.8,2.4,3.2,3.9,2,2016
5.3 Household appliances  ,0.5,0.9,1.8,4.7,2.6,5.1,3.7,6.3,3.1,5.9,3.4,2016
"5.4 Glassware, tableware and household utensils  ",0.8,0.8,1.4,1.1,1.4,2.3,2.1,2.5,3.1,3.8,1.9,2016
5.5 Tools and equipment for house and garden  ,1,2,2.1,2.3,2.5,3.9,3.4,3.4,5.9,6.5,3.3,2016
 5.6 Goods and services for routine household maintenance  ,3.3,4.6,5.8,6.2,5.3,6,5.7,9,9.2,12.9,6.8,2016
 5.6.1 Cleaning materials ,1.2,1.7,2,2.2,2.2,2.8,2.5,2.4,3.3,3.7,2.4,2016
 5.6.2 Household goods and hardware ,0.8,1,1.2,1.4,1.4,1.5,1.8,1.9,2.4,2.4,1.6,2016
"  5.6.3 Domestic services, carpet cleaning,  hire/repair of furniture/furnishings ",1.3,1.9,2.6,2.6,1.7,1.7,1.4,4.6,3.5,6.8,2.8,2016
6 Health  ,2.9,2.7,5.6,6.5,7.6,8.3,8.5,8.7,10.2,12.3,7.3,2016
"6.1 Medical products, appliances and equipment  ",1,2.1,2.8,3.1,5.5,4.5,4.3,4.4,4.3,5.4,3.7,2016
" 6.1.1 Medicines, prescriptions, healthcare products etc ",0.8,1.2,1.6,1.8,3.9,2.1,2.5,2.7,3.1,2.9,2.3,2016
" 6.1.2 Spectacles, lenses, accessories and repairs ",0.2,0.9,1.3,1.4,1.6,2.4,1.8,1.8,1.2,2.5,1.5,2016
6.2 Hospital services  ,1.9,0.6,2.8,3.3,2.1,3.8,4.2,4.2,5.9,6.9,3.6,2016
7 Transport  ,22,29.3,39.2,56,56.8,83.8,97.2,109.9,132.9,170.3,79.7,2016
7.1 Purchase of vehicles  ,7.6,10.2,11.2,20.4,14.3,35,38.7,41.9,48,64.9,29.2,2016
 7.1.1 Purchase of new cars and vans ,NA,NA,4,9.1,3.7,11.2,11.4,11.5,17.6,31.4,10.5,2016
 7.1.2 Purchase of second hand cars or vans ,5,6.9,7.2,11.1,10.2,23.2,26.4,29.1,29.1,32,18,2016
 7.1.3 Purchase of motorcycles and other vehicles ,NA,NA,NA,NA,NA,NA,1,1.3,1.3,NA,0.7,2016
7.2 Operation of personal transport  ,9.7,12.3,19.6,23,28.5,32.6,39.4,46.1,53.3,58.2,32.3,2016
 7.2.1 Spares and accessories ,0.1,0.1,1.9,1.6,2.4,2.2,3.5,4.3,3.9,4.8,2.6,2016
" 7.2.2 Petrol, diesel and other motor oils ",5.8,7.9,12.3,14.9,19,22.3,26.2,28.7,34.3,36.1,20.7,2016
 7.2.3 Repairs and servicing ,2.3,3,4,4.9,4.5,5.7,6.2,8.7,10.2,11.6,6.1,2016
 7.2.4 Other motoring costs ,0.6,0.7,1.4,1.7,2.5,2.4,3.5,4.5,5,5.7,2.8,2016
7.3 Transport services  ,4.7,6.8,8.4,12.5,14,16.2,19.1,21.8,31.6,47.2,18.2,2016
 7.3.1 Rail and tube fares ,0.5,0.9,1,1.9,2,2.7,3.1,6.2,8.4,11.6,3.8,2016
 7.3.2 Bus and coach fares ,0.7,1,1.4,1.4,1.4,1.4,1.7,1.8,1.8,1.3,1.4,2016
 7.3.3 Combined fares ,NA,NA,NA,NA,0.9,1,NA,NA,0.9,1.9,0.7,2016
 7.3.4 Other travel and transport ,3.3,4.8,5.7,8.7,9.7,11.1,13.6,13.4,20.4,32.4,12.3,2016
8 Communication  ,8.5,10.5,13.2,15.5,16.2,18.3,18.4,21.4,24,25.9,17.2,2016
8.1 Postal services  ,0.3,0.8,0.5,0.7,0.6,0.7,0.6,0.7,0.7,1.1,0.7,2016
8.2Telephone and telefax equipment  ,0.1,0.4,0.9,0.7,0.3,0.8,0.5,0.9,1.9,1.7,0.8,2016
8.3 Telephone and telefax services  ,6.2,7.1,9,10.7,11.6,13.1,13.5,15.7,16.9,18.2,12.2,2016
8.4 Internet subscription fees  ,1.9,2.2,2.8,3.5,3.6,3.7,3.8,4.1,4.4,4.9,3.5,2016
9 Recreation and culture  ,25.8,31,41.7,56.4,60.6,66.8,89.6,95.1,109.9,158.1,73.5,2016
" 9.1 Audio-visual, photographic and information processing equipment  ",2.3,2,2.7,6.6,5,4.1,6.4,5.6,6.7,6.2,4.8,2016
" 9.1.1 Audio equipment and accessories, CD players ",0.2,0.2,0.5,0.5,0.6,1.9,1.5,1.8,2.2,2.3,1.2,2016
" 9.1.2 TV, video and computers ",1.7,1.7,2.2,5.2,4.2,1.7,4.3,3.1,4.5,3.4,3.2,2016
" 9.1.3 Photographic, cine and optical equipment ",NA,NA,NA,NA,NA,NA,NA,NA,NA,0.5,0.4,2016
9.2Other major durables for recreation and culture  ,NA,NA,NA,0.6,NA,2,4.4,3.8,0.7,NA,1.8,2016
" 9.3 Other recreational items and equipment, gardens and pets  ",4.9,5.3,9.7,13.8,12.3,13.4,15,17.4,20.8,24.8,13.7,2016
" 9.3.1 Games, toys and hobbies ",0.9,1.3,1.6,2.5,3.1,2.8,3.3,3.6,4.7,3.7,2.7,2016
 9.3.2 Computer software and games ,NA,NA,0.6,0.5,1.1,0.9,1.3,1.5,2.5,1.2,1,2016
" 9.3.3 Equipment for sport, camping and open-air recreation ",0.3,0.1,1.1,1.2,0.9,1.4,1.6,1.6,1.7,4.6,1.5,2016
" 9.3.4 Horticultural goods, garden equipment and plants ",0.9,1.6,2.5,4.2,2.9,3.5,2.7,4,3.8,4.5,3.1,2016
 9.3.5 Pets and pet food ,2.5,1.9,3.9,5.3,4.3,4.7,6,6.8,8.1,10.8,5.4,2016
9.4 Recreational and cultural services  ,9,10,12,13.6,18.5,21.6,24.2,27,32.1,42.6,21.1,2016
"  9.4.1 Sports admissions, subscriptions, leisure class fees and equipment hire ",1.4,2.1,2.6,2.5,5.5,6,8.3,8.9,13.9,19.6,7.1,2016
" 9.4.2 Cinema, theatre and museums etc ",0.5,0.6,1.5,1.8,1.8,2.2,3,4.8,5,6.7,2.8,2016
"  9.4.3 TV, video, satellite rental, cable subscriptions and TV licences ",3.4,4.3,5.1,6.2,6.9,7.5,8.4,9.1,9.2,10.7,7.1,2016
 9.4.4 Miscellaneous entertainments ,2.2,0.7,0.8,0.6,1.4,1.6,1.5,1.7,1.8,2,1.4,2016
"  9.4.5 Development of film, deposit for film development, passport photos, holiday and school photos ",NA,NA,NA,NA,0.1,0.5,0.2,0.3,0.2,0.5,0.2,2016
 9.4.6 Gambling payments ,1.6,2.1,1.9,2.4,2.7,3.8,2.8,2.2,2.1,3,2.5,2016
"9.5 Newspapers, books and stationery  ",2.5,3.5,4.3,4.8,5.1,5.2,6.2,6.6,7.2,8.5,5.4,2016
 9.5.1 Books ,0.4,0.4,0.6,0.7,0.9,1.2,1.4,1.8,2,2.1,1.1,2016
" 9.5.2 Diaries, address books, cards etc ",0.7,1,1.4,1.6,1.9,1.9,2.6,2.7,3.1,3.7,2.1,2016
 9.5.3 Newspapers ,1.2,1.6,1.7,1.8,1.6,1.3,1.5,1.1,1.3,1.8,1.5,2016
 9.5.4 Magazines and periodicals ,0.3,0.5,0.6,0.7,0.6,0.7,0.7,1,0.8,1,0.7,2016
9.6 Package holidays  ,6,10.1,11.8,17.1,19,20.5,33.4,34.6,42.5,72.9,26.8,2016
 9.6.1 Package holidays - UK ,NA,0.7,1.1,1.2,1.5,2.3,2.2,0.7,1.4,1.6,1.3,2016
 9.6.2 Package holidays - abroad ,5.6,9.4,10.7,16,17.4,18.3,31.2,33.9,41,71.2,25.5,2016
10 Education  ,NA,0.6,4.1,2,2.7,3.4,5,4.6,9.2,24.8,5.7,2016
10.1 Education fees  ,NA,NA,3.8,1.8,2.4,3.1,4.5,4.5,8.1,24.5,5.4,2016
" 10.2 Payments for school trips, other ad-hoc expenditure  ",NA,NA,NA,NA,0.3,0.2,0.5,NA,1.1,NA,0.3,2016
11 Restaurants and hotels  ,15.5,17.3,24.7,36.4,37.4,48.5,53.6,66.1,84.6,116.6,50.1,2016
11.1 Catering services  ,11.6,14.1,21.1,29.4,30.6,38.6,43.8,52,65.2,85,39.1,2016
 11.1.1 Restaurant and café meals ,5.5,6.9,9.7,14.8,15,18.1,21.5,24.2,32,42.2,19,2016
 11.1.2 Alcoholic drinks (away from home) ,2.9,3,3.7,5.4,5.7,7.2,8.3,11.6,13,18.2,7.9,2016
 11.1.3 Take away meals eaten at home ,1.6,2.3,3.3,4.7,4.5,5.5,5.4,7.4,7.4,8.6,5.1,2016
 11.1.4 Other take-away and snack food ,1.4,1.4,2.2,3.4,4,5.9,5.9,6.1,9,10.7,5,2016
 11.1.5 Contract catering (food) and canteens ,0.2,0.5,2.2,1.1,1.3,1.9,2.7,2.7,3.7,5.3,2.2,2016
11.2 Accommodation services  ,4,3.2,3.6,6.9,6.8,9.9,9.8,14.1,19.4,31.6,10.9,2016
 11.2.1 Holiday in the UK ,1.7,1.4,2.9,3.8,5.1,5.9,5.2,6.7,9.4,11.9,5.4,2016
 11.2.2 Holiday abroad ,NA,1.7,0.6,3.1,1.7,3.6,4.5,5.2,9.4,19.4,5.2,2016
 11.2.3 Room hire ,NA,NA,NA,NA,NA,NA,NA,NA,NA,NA,0.4,2016
12 Miscellaneous goods and services  ,15.1,18.8,23.9,27.8,36.1,38.6,46.7,52.1,69.3,89.2,41.8,2016
12.1 Personal care  ,3.9,5.7,7.6,9.6,11.5,12.1,14.6,16.4,20,24.6,12.6,2016
" 12.1.1 Hairdressing, beauty treatment ",1,1.8,2.4,2.6,3.6,3.4,5,5.3,7.6,9,4.2,2016
 12.1.2 Toilet paper ,0.4,0.5,0.6,0.7,0.7,0.9,0.9,0.9,0.9,1.1,0.8,2016
 12.1.3 Toiletries and soap ,1,1.3,1.7,2.2,2.3,2.9,2.7,3.1,3.7,4.4,2.5,2016
 12.1.4 Baby toiletries and accessories (disposable) ,0.2,0.2,0.4,0.5,0.9,0.6,0.7,0.8,0.7,0.6,0.6,2016
" 12.1.5 Hair products, cosmetics and related electrical appliances ",1.3,1.9,2.4,3.7,4,4.3,5.3,6.2,7.2,9.4,4.6,2016
12.2 Personal effects  ,0.5,1.3,2.1,2,2.4,4.2,3.5,3.5,7.7,9.1,3.6,2016
12.3 Social protection  ,NA,NA,2.5,0.7,2,2.3,3.7,6.2,8.2,11.7,3.9,2016
12.4 Insurance  ,5.5,8,9.9,13.7,14.9,16.4,19.8,20.7,26.1,34,16.9,2016
"  12.4.1 Household insurances - structural, contents and appliances ",2.3,2.8,3.5,4.8,4.1,4.8,4.8,5.5,6.5,8.8,4.8,2016
 12.4.2 Medical insurance premiums ,0.3,0.3,0.5,1,1.5,1.4,3,1.4,4.6,7,2.1,2016
 12.4.3 Vehicle insurance including boat insurance ,2.8,4.8,5.9,7.8,9.3,10,11.8,13.7,14.9,17.9,9.9,2016
" 12.4.4 Non-package holiday, other travel insurance ",NA,NA,NA,NA,NA,NA,NA,NA,NA,NA,0.2,2016
12.5 Other services  ,4.3,3.3,1.9,1.8,5.3,3.6,5.1,5.3,7.3,9.8,4.8,2016
 12.5.1 Moving house ,0.8,1.1,1.1,0.7,2.2,2,2.9,3.4,3.8,3.9,2.2,2016
" 12.5.2 Bank, building society, post office, credit card charges ",0.2,0.3,0.4,0.4,0.4,0.6,0.6,0.8,0.9,1.1,0.6,2016
 12.5.3 Other services and professional fees ,3.4,1.9,0.3,0.6,2.7,1,1.6,1.1,2.6,4.7,2,2016
1-12 All expenditure groups  ,191.3,237.1,312.3,377.7,422.1,483.3,543.2,604.4,719.3,932,482.2,2016
13 Other expenditure items  ,21.2,26.4,34.4,49.4,51.6,67.1,78.4,98.9,117,175.6,72,2016
" 13.1 Housing: mortgage interest payments, council tax etc  ",12.9,16.2,22.2,28.7,35.2,42.3,50.3,64.7,76,109.8,45.8,2016
"13.2 Licences, fines and transfers  ",1.5,1.7,2.3,2.9,3.2,3.8,4.8,5.5,5.1,6,3.7,2016
13.3 Holiday spending  ,NA,2.6,NA,6.5,3,8.6,13.4,16.8,17.4,32.9,10.6,2016
13.4 Money transfers and credit  ,4.6,5.9,7.6,11.3,10.2,12.5,9.9,11.8,18.5,26.9,11.9,2016
" 13.4.1 Money, cash gifts given to children ",NA,NA,NA,NA,NA,NA,NA,NA,0.6,NA,0.1,2016
 13.4.2 Cash gifts and donations ,4.4,5.5,7.2,10.1,9.1,11.2,7.9,9.9,15.5,23.9,10.5,2016
  13.4.3 Club instalment payments (child) and interest on credit cards ,0.2,0.4,0.4,1,1.1,1.3,1.8,1.8,2.4,2.8,1.3,2016
Total expenditure   ,212.5,263.6,346.7,427.1,473.7,550.5,621.5,703.3,836.3,1107.6,554.2,2016
14.1 Life assurance and contributions to pension funds  ,4.2,2.6,3.9,5.6,10.2,17,22.4,34.1,49.4,90.5,24,2016
14.2 Other insurance inc friendly societies  ,0.3,0.6,1,1.3,1.5,1.7,2,2.9,2.5,4.1,1.8,2016
"14.3 Income tax, payments less refunds  ",12.2,7.3,20.5,29.1,44.4,59.1,83.2,116.1,174.2,409.5,95.5,2016
14.4 National insurance contributions  ,0.4,2.2,5.6,10.2,18.3,27.8,37.3,52.9,72.9,93.8,32.1,2016
"14.5 Purchase or alteration of dwellings, mortgages  ",7.5,15.3,22.3,25.9,75.4,47.4,56.1,126,113.6,216.9,70.6,2016
14.6 Savings and investments  ,1.3,1.7,3.5,2.4,2.3,4.7,5.8,9.7,9.9,19.9,6.1,2016
14.7 Pay off loan to clear other debt  ,0.6,0.6,0.7,1.7,2.9,2.2,4.4,5.1,6.1,0.9,2.5,2016
14.8 Windfall receipts from gambling etc5  ,1,1.3,0.8,0.9,1.4,3.1,0.9,1.4,1.2,2,1.4,2016
Lower boundary of group (£ per week)   ,NA,212,307,396,495,596,704,839,1025,1351,NA,2017
Weighted number of households (thousands)   ,2720,2720,2710,2710,2720,2710,2720,2710,2720,2710,27150,2017
Total number of households in sample   ,540,560,570,560,540,540,550,530,530,490,5410,2017
Total number of persons in sample   ,710,850,1100,1190,1290,1430,1510,1530,1620,1570,12780,2017
Total number of adults in sample   ,630,720,870,960,980,1060,1140,1150,1210,1230,9940,2017
Weighted average number of persons per household   ,1.3,1.5,1.9,2.1,2.4,2.6,2.8,2.9,3.1,3.3,2.4,2017
1 Food and non-alcoholic drinks  ,31,38.1,48.4,51.4,57.3,61.5,67.9,75.5,84.5,90.7,60.6,2017
1.1 Food  ,28.5,35.1,44.6,47.1,52.9,56.3,62.2,68.9,77.7,83.9,55.7,2017
" 1.1.1 Bread, rice and cereals ",2.8,3.4,4.2,4.5,5.2,5.8,6.4,6.9,7.7,7.7,5.5,2017
 1.1.2 Pasta products ,0.2,0.2,0.3,0.3,0.3,0.4,0.6,0.6,0.7,0.7,0.4,2017
" 1.1.3 Buns, cakes, biscuits etc ",2.1,2.7,3.2,3.5,3.8,3.9,4,4.7,5.3,5.2,3.9,2017
 1.1.4 Pastry (savoury) ,0.3,0.5,0.6,0.8,0.9,0.9,1.1,1.3,1.5,1.3,0.9,2017
" 1.1.5 Beef (fresh, chilled or frozen) ",0.9,1.1,1.6,1.7,1.7,1.8,2.4,2.5,2.9,3.4,2,2017
" 1.1.6 Pork (fresh, chilled or frozen) ",0.3,0.4,0.5,0.5,0.7,0.5,0.7,0.8,0.7,0.9,0.6,2017
" 1.1.7 Lamb (fresh, chilled or frozen) ",0.4,0.4,0.6,0.5,0.7,0.6,0.5,0.6,0.8,1.3,0.6,2017
" 1.1.8 Poultry (fresh, chilled or frozen) ",0.8,1.1,1.8,1.8,2.1,2.5,2.5,3.2,3.4,4.2,2.3,2017
 1.1.9 Bacon and ham ,0.5,0.6,0.7,1,0.9,0.9,0.9,1.2,1,1.1,0.9,2017
 1.1.10 Other meat and meat preparations ,3.7,4.7,5.7,6,5.9,6.2,7.1,7.8,8.3,8.4,6.4,2017
 1.1.11 Fish and fish products ,1.6,1.8,2.5,2.4,2.9,2.8,3,3.3,3.7,5,2.9,2017
 1.1.12 Milk ,1.4,1.7,2,2,2.1,2.3,2.4,2.6,2.7,2.5,2.2,2017
 1.1.13 Cheese and curd ,1,1.1,1.5,1.5,1.9,2,2.2,2.5,3.1,3.2,2,2017
 1.1.14 Eggs ,0.4,0.5,0.6,0.6,0.6,0.6,0.8,0.9,1,1,0.7,2017
 1.1.15 Other milk products ,1.1,1.5,1.9,1.8,2.2,2.6,2.6,2.9,3.1,3.7,2.3,2017
 1.1.16 Butter ,0.3,0.4,0.4,0.4,0.5,0.5,0.6,0.6,0.6,0.6,0.5,2017
" 1.1.17 Margarine, other vegetable fats and peanut butter ",0.4,0.5,0.5,0.5,0.6,0.6,0.7,0.7,0.7,0.7,0.6,2017
 1.1.18 Cooking oils and fats ,0.2,0.2,0.2,0.3,0.4,0.3,0.4,0.4,0.5,0.6,0.3,2017
 1.1.19 Fresh fruit ,2,2.3,2.9,3.2,3.8,3.9,4.5,4.8,5.8,6.6,4,2017
" 1.1.20 Other fresh, chilled or frozen fruits ",0.2,0.2,0.4,0.4,0.5,0.4,0.6,0.6,0.6,0.9,0.5,2017
 1.1.21 Dried fruit and nuts ,0.5,0.4,0.5,0.7,0.8,0.8,1,1,1.2,1.4,0.8,2017
 1.1.22 Preserved fruit and fruit based products ,0.1,0.1,0.1,0.1,0.1,0.2,0.2,0.2,0.1,0.2,0.1,2017
 1.1.23 Fresh vegetables ,2,2.3,3,3.2,4.1,4.3,4.8,5.3,6.6,7.2,4.3,2017
 1.1.24 Dried vegetables ,0,NA,0.1,0,0.1,0.1,0,0.1,0.1,0.1,0.1,2017
 1.1.25 Other preserved or processed vegetables ,0.6,1,1.2,1.3,1.5,1.5,1.9,2.1,2.6,3,1.7,2017
 1.1.26 Potatoes ,0.5,0.6,0.7,0.8,0.8,0.8,0.9,0.9,0.9,1,0.8,2017
 1.1.27 Other tubers and products of tuber vegetables ,0.9,1.1,1.5,1.4,1.6,1.8,1.9,2,2.2,2,1.6,2017
 1.1.28 Sugar and sugar products ,0.2,0.3,0.3,0.3,0.4,0.4,0.4,0.5,0.5,0.5,0.4,2017
" 1.1.29 Jams, marmalades ",0.2,0.3,0.3,0.3,0.3,0.3,0.4,0.4,0.4,0.4,0.3,2017
 1.1.30 Chocolate ,1,1.4,1.6,1.8,2,2.2,2.5,2.4,3.1,2.9,2.1,2017
 1.1.31 Confectionery products ,0.4,0.4,0.7,0.7,0.7,0.9,0.9,0.9,1.2,1,0.8,2017
 1.1.32 Edible ices and ice cream ,0.4,0.4,0.6,0.6,0.6,0.7,0.7,0.7,0.8,1,0.7,2017
 1.1.33 Other food products ,1.2,1.5,1.8,2,2.3,2.7,3,3.3,4,4.2,2.6,2017
1.2 Non-alcoholic drinks  ,2.5,3,3.8,4.3,4.5,5.2,5.7,6.6,6.8,6.8,4.9,2017
 1.2.1 Coffee ,0.6,0.6,0.8,0.9,0.8,1,1,1.3,1.1,1.3,0.9,2017
 1.2.2 Tea ,0.3,0.3,0.4,0.4,0.4,0.5,0.5,0.5,0.6,0.6,0.4,2017
 1.2.3 Cocoa and powdered chocolate ,0,0.1,0.1,0.1,0.1,0.1,0.2,0.1,0.1,0.1,0.1,2017
 1.2.4 Fruit and vegetable juices (inc. fruit squash) ,0.4,0.6,0.7,0.9,1,1,1.3,1.4,1.6,1.7,1.1,2017
 1.2.5 Mineral or spring waters ,0.2,0.2,0.3,0.3,0.4,0.4,0.4,0.6,0.5,0.6,0.4,2017
 1.2.6 Soft drinks (inc. fizzy and ready to drink fruit drinks) ,0.9,1.2,1.5,1.8,1.8,2.2,2.4,2.8,2.8,2.5,2,2017
"2 Alcoholic drink, tobacco and narcotics  ",7.4,8.1,8.8,10.9,12,12.3,13.8,15.3,15.6,20.2,12.4,2017
2.1 Alcoholic drinks  ,3.5,4.2,5.5,6.6,7.9,8.8,9.9,11.1,13,16.3,8.7,2017
 2.1.1 Spirits and liqueurs (brought home) ,1,1.1,1.8,1.9,2.1,2.2,1.8,2.5,2.4,2.9,2,2017
" 2.1.2 Wines, fortified wines (brought home) ",1.4,1.9,2.3,3.1,3.7,4.4,5.3,6,7.1,9.9,4.5,2017
" 2.1.3 Beer, lager, ciders and perry (brought home) ",1.1,1.1,1.4,1.6,2,2.2,2.7,2.6,3.5,3.5,2.2,2017
 2.1.4 Alcopops (brought home) ,NA,NA,NA,NA,NA,NA,0.1,0.1,NA,NA,0,2017
2.2 Tobacco and narcotics2  ,3.8,3.9,3.3,4.3,4.1,3.4,3.9,4.2,2.7,3.9,3.8,2017
 2.2.1 Cigarettes ,2.6,2.7,2.1,2.8,3.1,2.4,2.4,2.7,2.1,3.5,2.6,2017
" 2.2.2 Cigars, other tobacco products and narcotics ",1.2,1.2,1.3,1.5,1,1,1.5,1.6,0.5,0.4,1.1,2017
3 Clothing and footwear  ,8,8.7,13.3,16,19.1,22.7,28.1,33.4,42.6,51.4,24.3,2017
3.1 Clothing  ,6.5,6.7,10.4,13,15.4,17.9,22.2,26.9,34.4,42.5,19.6,2017
 3.1.1 Men's outer garments ,1.2,1.1,2.3,3.4,2.5,4.2,6.6,7.3,8.8,13.5,5.1,2017
 3.1.2 Men's under garments ,0.2,0.2,0.3,0.4,0.5,0.7,0.6,0.8,0.8,0.8,0.5,2017
 3.1.3 Women's outer garments ,3.2,3.3,4.1,5.4,7.2,7.6,8.4,11.4,16.2,17.6,8.4,2017
 3.1.4 Women's under garments ,0.8,0.5,0.7,0.8,1.2,1.1,1.4,1.8,1.9,2.1,1.2,2017
 3.1.5 Boys' outer garments (5-15) ,0.1,0.4,0.7,0.4,0.9,1.3,1.2,1.1,1.2,2.6,1,2017
 3.1.6 Girls' outer garments (5-15) ,0.2,0.2,0.6,1,1,0.8,1.2,1.2,2.1,1.6,1,2017
 3.1.7 Infants' outer garments (under 5) ,0.3,0.3,0.5,0.6,0.5,0.6,0.8,0.9,1,1,0.7,2017
 3.1.8 Children's under garments (under 16) ,0.1,0.1,0.3,0.2,0.5,0.5,0.4,0.5,0.8,0.6,0.4,2017
 3.1.9 Accessories ,0.2,0.3,0.6,0.5,0.6,0.7,0.8,1.4,0.9,1.7,0.8,2017
 3.1.10 Haberdashery and clothing hire ,0.2,0.2,0.1,0.2,0.3,0.3,0.5,0.3,0.4,0.4,0.3,2017
" 3.1.11 Dry cleaners, laundry and dyeing ",NA,NA,NA,NA,NA,NA,0.3,0.2,0.3,0.5,0.2,2017
3.2 Footwear  ,1.5,2,2.9,3,3.7,4.8,5.9,6.5,8.2,8.9,4.8,2017
"4 Housing (net)3, fuel and power  ",51.1,55.3,63.5,71,80.8,87.6,83.8,82,85,101.1,76.1,2017
4.1 Actual rentals for housing  ,74.7,56.8,52.8,48.2,53.1,51.6,45.9,39.9,39.6,38.8,50.1,2017
 4.1.1 Gross rent ,74.7,56.8,52.8,48.2,53.1,51.6,45.9,39.9,39.6,38.8,50.1,2017
" 4.1.2 less housing benefit, rebates and allowances rec'd ",51.6,31.9,23.5,13.5,10.8,4.4,1.6,2.1,0.5,0,14,2017
 4.1.3 Net rent4 ,23,24.9,29.3,34.7,42.3,47.1,44.4,37.8,39.1,38.8,36.1,2017
4.2 Maintenance and repair of dwelling  ,3.5,3.2,5,6.8,6.4,9.6,7.3,10.4,10.9,18.5,8.2,2017
 4.3 Water supply and miscellaneous services relating to the dwelling  ,7.2,8.5,8.1,8.2,9.9,8.6,9.7,10.1,10.1,12.5,9.3,2017
"4.4 Electricity, gas and other fuels  ",17.3,18.6,21.1,21.4,22.3,22.3,22.5,23.7,24.9,31.4,22.5,2017
 4.4.1 Electricity ,9.4,9.6,10.6,10.9,11.5,11.5,11.2,11.9,12.3,15.1,11.4,2017
 4.4.2 Gas ,7.3,8,9.4,9.6,9.5,9.7,9.9,10.2,11,13.7,9.8,2017
 4.4.3 Other fuels ,0.7,1,1.1,0.9,1.3,1.1,1.4,1.5,1.6,2.6,1.3,2017
5 Household goods and services  ,14.1,17.6,26.9,27.3,36.3,32.5,48.4,51.3,59.5,92.8,40.7,2017
" 5.1 Furniture and furnishings, carpets and other floor coverings  ",6.9,9.1,14,12.8,21.5,17.1,27.4,27.5,31.1,58.6,22.6,2017
 5.1.1 Furniture and furnishings ,5.4,6.7,11.6,11.2,17.6,13.9,23.4,21.5,25.2,51.6,18.8,2017
 5.1.2 Floor coverings ,1.5,2.4,2.4,1.6,3.9,3.2,4,6,5.9,7,3.8,2017
5.2 Household textiles  ,0.5,1.1,1.4,2.3,1.8,2.5,1.9,3.1,4,3.8,2.2,2017
5.3 Household appliances  ,1.3,0.9,3.8,2.7,3.5,2.7,8.1,6.9,7.1,6.3,4.3,2017
"5.4 Glassware, tableware and household utensils  ",1.2,0.8,1.3,1.3,1.4,1.8,2,2.3,3.8,3.5,1.9,2017
5.5 Tools and equipment for house and garden  ,0.8,1,2.1,2.1,3,2.8,2.7,3.7,4.7,5.6,2.9,2017
 5.6 Goods and services for routine household maintenance  ,3.3,4.7,4.3,6.2,5.2,5.6,6.3,7.7,8.7,15,6.7,2017
 5.6.1 Cleaning materials ,1.3,1.7,1.8,1.9,2.3,2.3,2.7,3.1,3,3.5,2.4,2017
 5.6.2 Household goods and hardware ,0.9,0.9,1.2,1.7,1.5,1.7,2,2.1,2.5,2.3,1.7,2017
"  5.6.3 Domestic services, carpet cleaning,  hire/repair of furniture/furnishings ",1.1,2.1,1.3,2.6,1.4,1.6,1.6,2.5,3.2,9.3,2.7,2017
6 Health  ,2,2.6,5,4.2,6.2,5.2,6.7,12.1,11.2,13.7,6.9,2017
"6.1 Medical products, appliances and equipment  ",1.6,1.5,2.5,2.3,3.7,3.3,3.8,6.7,6.6,6.4,3.8,2017
" 6.1.1 Medicines, prescriptions, healthcare products etc ",0.9,1.1,1.3,1.6,2,2.5,2,2.7,3.5,3.4,2.1,2017
" 6.1.2 Spectacles, lenses, accessories and repairs ",0.7,0.5,1.2,0.6,1.6,0.8,1.7,4,3.1,3,1.7,2017
6.2 Hospital services  ,0.4,1.1,2.5,1.9,2.5,2,2.9,5.4,4.6,7.4,3.1,2017
7 Transport  ,19.6,26.4,39.8,55,62.1,74.6,90.3,114.1,126.5,199.9,80.8,2017
7.1 Purchase of vehicles  ,5.3,7.5,11.8,20.1,20.6,22.6,29.7,44.5,41.9,74.9,27.9,2017
 7.1.1 Purchase of new cars and vans ,NA,NA,4,7.9,6.8,5.5,8.1,13.3,14.2,36.5,9.9,2017
 7.1.2 Purchase of second hand cars or vans ,4.4,5.1,7.4,11.7,13.4,16,21.2,30.2,26.6,34.8,17.1,2017
 7.1.3 Purchase of motorcycles and other vehicles ,NA,NA,NA,NA,NA,NA,NA,1,NA,3.7,0.9,2017
7.2 Operation of personal transport  ,8.1,11.9,18.6,23.8,27.5,36.2,39.9,46.1,52.2,67.6,33.2,2017
 7.2.1 Spares and accessories ,0.5,1.1,1.1,2,1.2,3,2.3,2.2,2.8,7.5,2.4,2017
" 7.2.2 Petrol, diesel and other motor oils ",5,7.3,13,15.6,18.5,21.5,26.5,31.5,35.5,38,21.2,2017
 7.2.3 Repairs and servicing ,1.7,2.6,3.2,4.7,5,7.9,7.3,8.4,8.8,15.4,6.5,2017
 7.2.4 Other motoring costs ,0.9,1,1.3,1.4,2.8,3.8,3.8,4.1,5,6.7,3.1,2017
7.3 Transport services  ,6.3,6.9,9.4,11.1,14,15.7,20.7,23.5,32.4,57.4,19.7,2017
 7.3.1 Rail and tube fares ,1.1,0.9,1.3,2.2,2.5,2.4,4.7,5.3,9.1,13.4,4.3,2017
 7.3.2 Bus and coach fares ,1,1.3,1,1.2,1.5,1.7,1.5,2.1,1.9,2.1,1.5,2017
 7.3.3 Combined fares ,NA,NA,NA,NA,NA,1.1,NA,0.6,1.3,3.9,0.9,2017
 7.3.4 Other travel and transport ,4.1,4.6,6.8,7.5,9.9,10.5,13.6,15.5,20.1,38,13.1,2017
8 Communication  ,8.5,10.8,13.9,14.7,17.2,18.3,20.1,21.9,24.7,28.4,17.9,2017
8.1 Postal services  ,0.3,0.3,0.5,0.6,0.6,0.6,0.5,1,0.7,1.2,0.6,2017
8.2Telephone and telefax equipment  ,0.1,0.3,1.3,0.4,1.1,0.7,1,1.3,1.4,3.7,1.1,2017
8.3 Telephone and telefax services  ,6.1,7.5,9.1,10,11.4,13.2,14.5,15.3,18,18.5,12.4,2017
8.4 Internet subscription fees  ,2.1,2.8,3,3.7,4.1,3.8,4.2,4.4,4.6,5,3.8,2017
9 Recreation and culture  ,23.9,31.2,40.5,51.7,60.9,73.9,86.4,94.7,113.9,168.8,74.6,2017
" 9.1 Audio-visual, photographic and information processing equipment  ",1.6,2.2,2.3,2.9,3.7,7.7,8.3,4.9,6.4,11.2,5.1,2017
" 9.1.1 Audio equipment and accessories, CD players ",0.5,0.2,0.2,0.7,1.3,0.8,0.9,1.4,1.2,3.3,1.1,2017
" 9.1.2 TV, video and computers ",0.7,1.9,2.1,2,2.1,6.5,5.3,2.9,4.6,6.8,3.5,2017
" 9.1.3 Photographic, cine and optical equipment ",NA,NA,NA,NA,NA,0.3,2,NA,0.5,NA,0.5,2017
9.2Other major durables for recreation and culture  ,NA,NA,NA,4.4,NA,2,2.2,2.7,2.9,10,3,2017
" 9.3 Other recreational items and equipment, gardens and pets  ",5.9,7.4,8.3,10.6,11.7,12.4,13.7,16,22.8,25,13.4,2017
" 9.3.1 Games, toys and hobbies ",1,1.4,1.7,2.4,3.2,3.2,3.1,4.5,5,5.5,3.1,2017
 9.3.2 Computer software and games ,0.4,0.3,0.5,0.8,0.5,0.8,1.1,1.5,2.3,2.3,1.1,2017
" 9.3.3 Equipment for sport, camping and open-air recreation ",0.2,0.5,0.2,0.5,1,0.8,0.9,1.9,1.8,2.6,1,2017
" 9.3.4 Horticultural goods, garden equipment and plants ",1.1,1.4,1.6,2.3,2.4,2,3,2.6,4.4,4.8,2.6,2017
 9.3.5 Pets and pet food ,3.2,3.8,4.3,4.7,4.5,5.5,5.6,5.5,9.2,9.7,5.6,2017
9.4 Recreational and cultural services  ,7.5,9.5,11.8,14.7,16.5,19.8,23.2,26.1,35,44.9,20.9,2017
"  9.4.1 Sports admissions, subscriptions, leisure class fees and equipment hire ",1.4,1.4,2.1,3.1,4.1,5.6,7.5,8.5,13.2,18.7,6.6,2017
" 9.4.2 Cinema, theatre and museums etc ",0.8,0.7,1.3,1.6,2.1,2.3,3,4.5,6.9,8.2,3.1,2017
"  9.4.3 TV, video, satellite rental, cable subscriptions and TV licences ",3.7,4.5,5.4,6.1,6.4,7.3,8,8.6,9.4,11.1,7,2017
 9.4.4 Miscellaneous entertainments ,0.4,0.6,0.8,1.1,1.1,0.9,1.8,1.6,2.2,2.4,1.3,2017
"  9.4.5 Development of film, deposit for film development, passport photos, holiday and school photos ",NA,NA,NA,0.1,0.5,0.8,0.5,0.2,0.5,0.2,0.3,2017
 9.4.6 Gambling payments ,1.1,2.3,2.2,2.7,2.3,3,2.4,2.8,2.8,4.2,2.6,2017
"9.5 Newspapers, books and stationery  ",2.7,3.3,3.5,4.8,5.4,5.1,5.6,7.5,7.4,8.2,5.3,2017
 9.5.1 Books ,0.3,0.4,0.6,0.9,1.1,1.1,1.5,2.4,2,2.4,1.3,2017
" 9.5.2 Diaries, address books, cards etc ",1.1,1.1,1.2,1.6,1.9,1.9,2.2,3,3.5,3.5,2.1,2017
 9.5.3 Newspapers ,0.9,1.2,1.2,1.6,1.6,1.5,1.3,1.3,1.1,1.3,1.3,2017
 9.5.4 Magazines and periodicals ,0.4,0.6,0.5,0.7,0.8,0.6,0.6,0.8,0.8,1,0.7,2017
9.6 Package holidays  ,5.9,8.5,13.3,14.3,19.8,26.9,33.5,37.6,39.5,69.7,26.9,2017
 9.6.1 Package holidays - UK ,NA,0.7,2.2,2.4,1.5,3.3,1.4,1.3,1.8,2.2,1.7,2017
 9.6.2 Package holidays - abroad ,5.6,7.8,11.1,12,18.3,23.7,32.2,36.3,37.7,67.5,25.2,2017
10 Education  ,NA,NA,0.9,3.6,2.3,7.6,3.1,11,12.4,38.9,8.7,2017
10.1 Education fees  ,NA,NA,NA,3.5,1.4,7.3,2.6,10.5,11.8,37.1,8.2,2017
" 10.2 Payments for school trips, other ad-hoc expenditure  ",NA,NA,NA,NA,0.8,0.3,0.5,0.4,0.6,1.8,0.5,2017
11 Restaurants and hotels  ,14.2,17.5,24,32.1,38.8,42.9,54.6,66.4,86.7,119.2,49.6,2017
11.1 Catering services  ,11.5,14.9,19.2,26.4,30.3,35.3,44.3,52.4,66.5,87,38.8,2017
 11.1.1 Restaurant and café meals ,6.3,7.5,9.6,12.1,14.7,16.9,20.6,24.7,31.5,42,18.6,2017
 11.1.2 Alcoholic drinks (away from home) ,2.1,2.9,3.5,6,5.8,7.1,9.2,10.8,14.1,18.7,8,2017
 11.1.3 Take away meals eaten at home ,1.7,2.6,3.1,4,4.6,4.6,6.3,6.7,7.7,9.6,5.1,2017
 11.1.4 Other take-away and snack food ,1.3,1.5,2.4,3,3.8,4.6,5.9,7.5,9.7,11.4,5.1,2017
 11.1.5 Contract catering (food) and canteens ,0.1,0.4,0.6,1.3,1.4,2,2.4,2.8,3.5,5.3,2,2017
11.2 Accommodation services  ,2.7,2.6,4.8,5.7,8.5,7.6,10.3,13.9,20.3,32.2,10.9,2017
 11.2.1 Holiday in the UK ,1.1,2,2.9,4.3,5.2,4.7,5.7,8.2,12.3,13.6,6,2017
 11.2.2 Holiday abroad ,1.5,0.6,1.8,1.4,3.2,2.7,4.5,5.3,7.4,18.3,4.7,2017
 11.2.3 Room hire ,NA,NA,NA,NA,NA,NA,NA,NA,NA,NA,0.2,2017
12 Miscellaneous goods and services  ,14.2,19,25.5,37.9,35.8,40.2,50.3,54.6,68.3,89.4,43.5,2017
12.1 Personal care  ,4.9,6,8.7,8.2,10.2,12.2,15.1,16.3,19.9,23,12.5,2017
" 12.1.1 Hairdressing, beauty treatment ",1.1,2.1,1.9,2.1,3,3.5,4.7,5,6.4,8.7,3.8,2017
 12.1.2 Toilet paper ,0.4,0.6,0.7,0.7,0.8,0.9,0.9,1,1,1.1,0.8,2017
 12.1.3 Toiletries and soap ,1.3,1.3,1.8,1.9,2.2,2.7,2.6,3.2,3.9,3.8,2.5,2017
 12.1.4 Baby toiletries and accessories (disposable) ,0.2,0.3,1.7,0.7,0.6,0.7,0.8,0.8,1,0.6,0.7,2017
" 12.1.5 Hair products, cosmetics and related electrical appliances ",1.9,1.7,2.6,2.8,3.6,4.5,6.2,6.3,7.6,8.9,4.6,2017
12.2 Personal effects  ,1.7,1.5,1.8,2.2,2.3,3.1,4.3,3.9,8.7,10.7,4,2017
12.3 Social protection  ,NA,2.5,0.9,7.7,3.7,2.7,4.9,5.5,5.5,10.3,4.4,2017
12.4 Insurance  ,5.8,8,11,16,16,17.5,20.6,22.6,25.1,33.7,17.6,2017
"  12.4.1 Household insurances - structural, contents and appliances ",2.1,3.1,3.5,4,4.1,4.6,4.8,5,5.9,8.4,4.6,2017
 12.4.2 Medical insurance premiums ,0.6,0.6,0.7,2.1,1.3,0.9,2.3,2.5,3.2,5.4,2,2017
 12.4.3 Vehicle insurance including boat insurance ,3.1,4.2,6.8,9.5,9.7,12,13.1,14.8,15.9,19.3,10.8,2017
" 12.4.4 Non-package holiday, other travel insurance ",NA,NA,NA,NA,NA,NA,NA,NA,NA,0.5,0.3,2017
12.5 Other services  ,1.6,1.1,3.2,3.8,3.6,4.8,5.5,6.3,9.1,11.8,5.1,2017
 12.5.1 Moving house ,0.8,0.5,2,1.9,2.4,2.6,3.4,3.5,5,9.1,3.1,2017
" 12.5.2 Bank, building society, post office, credit card charges ",0.2,0.3,0.3,0.3,0.4,0.4,0.7,0.7,0.9,1.2,0.5,2017
 12.5.3 Other services and professional fees ,0.6,0.3,0.9,1.5,0.8,1.8,1.3,2.1,3.2,1.5,1.4,2017
1-12 All expenditure groups  ,200.6,235.4,310.6,375.7,428.9,479.4,553.6,632.4,731.1,1014.8,496.2,2017
13 Other expenditure items  ,22.2,27,34,51.2,59.7,84.3,85.1,102.3,112.4,185.8,76.4,2017
" 13.1 Housing: mortgage interest payments, council tax etc  ",13.8,18.2,22.9,29.4,34.3,45.2,57,62.8,76.5,106.2,46.6,2017
"13.2 Licences, fines and transfers  ",1.3,1.6,2.5,3.4,3.2,4.1,4.3,4.5,5.4,6.4,3.7,2017
13.3 Holiday spending  ,2.1,2.6,2.8,9.5,11,13.9,11.2,16.9,15.7,38,12.4,2017
13.4 Money transfers and credit  ,5,4.7,5.9,8.9,11.2,21.1,12.7,18,14.9,35.1,13.7,2017
" 13.4.1 Money, cash gifts given to children ",NA,NA,NA,NA,NA,0.1,0.1,NA,0.2,NA,0.1,2017
 13.4.2 Cash gifts and donations ,4.6,4.2,4.8,8,10.2,20.1,11.4,16.3,13.1,33.7,12.6,2017
  13.4.3 Club instalment payments (child) and interest on credit cards ,0.4,0.4,1.1,0.8,0.7,0.9,1.2,1.7,1.6,1.3,1,2017
Total expenditure   ,222.7,262.4,344.6,426.9,488.5,563.7,638.7,734.7,843.6,1200.6,572.6,2017
14.1 Life assurance and contributions to pension funds  ,2,4.8,4.2,7.6,9.8,16,20.6,31.5,59.3,89,24.5,2017
14.2 Other insurance inc friendly societies  ,0.4,0.9,1.8,1.5,1.2,1.6,1.7,2.2,3,4.2,1.9,2017
"14.3 Income tax, payments less refunds  ",10.7,8.8,19.1,35.2,51.3,60.7,92.1,121.3,185,437.2,102.1,2017
14.4 National insurance contributions  ,0.6,2.8,6.8,12.7,21.5,28.2,42,53.8,78.5,105.1,35.2,2017
"14.5 Purchase or alteration of dwellings, mortgages  ",11.2,9.1,37.2,20.8,34.4,146.9,135.2,81.5,147.2,159.2,78.3,2017
14.6 Savings and investments  ,1.2,2.1,0.8,1.6,2.3,3.9,8.4,8.3,11,23.7,6.3,2017
14.7 Pay off loan to clear other debt  ,NA,0.4,0.9,0.5,0.9,1.8,2.3,2.8,4.1,2.7,1.7,2017
14.8 Windfall receipts from gambling etc5  ,0.7,1.2,0.7,1,1.2,1.3,1.5,0.9,1.3,3.2,1.3,2017
